vehicle_id,trip_id,timestamp,speed,lat,lon,bearing
SCS02,2944,1750371923,0.0,5.392622,100.367096,0.0
SCS02,2944,1750371953,0.0,5.392622,100.367096,0.0
SCS02,2944,1750372026,16.0,5.391268,100.36918,0.0
SCS02,2944,1750372056,23.0,5.39036,100.37024,0.0
SCS02,2944,1750372116,32.0,5.387522,100.37316,0.0
SCS02,2944,1750372176,79.0,5.384415,100.37931,0.0
SCS02,2944,1750372236,99.0,5.377693,100.39202,0.0
SCS02,2944,1750372296,96.0,5.370892,100.405,0.0
SCS02,2944,1750372356,68.0,5.366208,100.41702,0.0
SCS02,2944,1750372446,21.0,5.364173,100.42216,0.0
SCS02,2944,1750372492,97.0,5.36222,100.429695,0.0
SCS02,2944,1750372552,78.0,5.366998,100.44253,0.0
SCS02,2944,1750372612,0.0,5.366198,100.44851,0.0
SCS02,2944,1750372672,23.0,5.366078,100.4492,0.0
SCS02,2944,1750372732,46.0,5.365183,100.455185,0.0
SCS02,2944,1750372791,41.0,5.361333,100.46045,0.0
SCS02,2944,1750372845,0.0,5.357202,100.46401,0.0
SCS02,2944,1750372902,61.0,5.361547,100.467125,0.0
SCS02,2944,1750372962,123.0,5.376482,100.46898,0.0
SCS02,2944,1750373052,119.0,5.40339,100.472374,0.0
SCS02,2944,1750373082,120.0,5.411937,100.47509,0.0
SCS02,2944,1750373142,122.0,5.427837,100.48388,0.0
SCS02,2944,1750373232,116.0,5.452553,100.49324,0.0
SCS02,2944,1750373262,117.0,5.460948,100.49546,0.0
SCS02,2944,1750373322,83.0,5.476917,100.496605,0.0
SCS02,2944,1750373382,0.0,5.482895,100.49821,0.0
SCS02,2944,1750373442,47.0,5.484512,100.49864,0.0
SCS02,2944,1750373532,118.0,5.506033,100.50441,0.0
SCS02,2944,1750373562,121.0,5.514823,100.506775,0.0
SCS02,2944,1750373616,120.0,5.530685,100.505295,0.0
SCS02,2944,1750373676,119.0,5.548098,100.50046,0.0
SCS02,2944,1750373736,119.0,5.565933,100.497536,0.0
SCS02,2944,1750373826,118.0,5.592567,100.49318,0.0
SCS02,2944,1750373856,118.0,5.60141,100.49406,0.0
SCS02,2944,1750373911,121.0,5.617493,100.49671,0.0
SCS02,2944,1750373990,74.0,5.637727,100.48921,0.0
SCS02,2944,1750374020,43.0,5.641925,100.4899,0.0
SCS02,2944,1750374089,7.0,5.64367,100.49026,0.0
SCS02,2944,1750374149,94.0,5.651593,100.49155,0.0
SCS02,2944,1750374209,118.0,5.668672,100.49446,0.0
SCS02,2944,1750374269,120.0,5.685035,100.50088,0.0
SCS02,2944,1750374329,119.0,5.700652,100.50985,0.0
SCS02,2944,1750374402,120.0,5.722065,100.514114,0.0
SCS02,2944,1750374492,119.0,5.747408,100.50441,0.0
SCS02,2944,1750374522,119.0,5.755723,100.50086,0.0
SCS02,2944,1750374582,118.0,5.772072,100.49336,0.0
SCS02,2944,1750374642,121.0,5.78811,100.486404,0.0
SCS02,2944,1750374702,122.0,5.805227,100.48063,0.0
SCS02,2944,1750374762,73.0,5.820678,100.47831,0.0
SCS02,2944,1750374822,0.0,5.825072,100.47795,0.0
SCS02,2944,1750374882,73.0,5.828732,100.47763,0.0
SCS02,2944,1750374942,114.0,5.844498,100.47687,0.0
SCS02,2944,1750375002,120.0,5.862612,100.47691,0.0
SCS02,2944,1750375092,119.0,5.889707,100.47695,0.0
SCS02,2944,1750375122,119.0,5.89836,100.474495,0.0
SCS02,2944,1750375182,120.0,5.915263,100.46799,0.0
SCS02,2944,1750375272,118.0,5.940568,100.458275,0.0
SCS02,2944,1750375302,117.0,5.948255,100.454056,0.0
SCS02,2944,1750375362,92.0,5.963012,100.445724,0.0
SCS02,2944,1750375422,35.0,5.971822,100.44076,0.0
SCS02,2944,1750375482,11.0,5.972773,100.44025,0.0
SCS02,2944,1750375572,119.0,5.986528,100.43245,0.0
SCS02,2944,1750375602,121.0,5.994538,100.42793,0.0
SCS02,2944,1750375662,119.0,6.010285,100.41904,0.0
SCS02,2944,1750375752,115.0,6.033765,100.40576,0.0
SCS02,2944,1750375782,120.0,6.041493,100.401405,0.0
SCS02,2944,1750375842,120.0,6.057072,100.39261,0.0
SCS02,2944,1750375902,118.0,6.07282,100.3837,0.0
SCS02,2944,1750375962,117.0,6.088472,100.375114,0.0
SCS02,2944,1750376022,91.0,6.102992,100.36697,0.0
SCS02,2944,1750376064,57.0,6.11058,100.36854,0.0
SCS02,2944,1750376124,0.0,6.113572,100.36995,0.0
SCS02,2944,1750376184,74.0,6.116743,100.37133,0.0
SCS02,2944,1750376274,120.0,6.140203,100.38073,0.0
SCS02,2944,1750376304,119.0,6.14918,100.38014,0.0
SCS02,2944,1750376364,114.0,6.166968,100.37892,0.0
SCS02,2944,1750376454,6.0,6.183747,100.374565,0.0
SCS02,2944,1750376514,41.0,6.184727,100.37391,0.0
SCS02,2944,1750376544,83.0,6.188835,100.371185,0.0
SCS02,2944,1750376604,121.0,6.204805,100.36685,0.0
SCS02,2944,1750376694,120.0,6.231123,100.36147,0.0
SCS02,2944,1750376724,114.0,6.239847,100.35969,0.0
SCS02,2944,1750376784,121.0,6.256953,100.35618,0.0
SCS02,2944,1750376844,119.0,6.27472,100.35255,0.0
SCS02,2944,1750376904,120.0,6.292438,100.348946,0.0
SCS02,2944,1750376993,120.0,6.318252,100.342094,0.0
SCS02,2944,1750377053,116.0,6.332618,100.33136,0.0
SCS02,2944,1750377113,117.0,6.346492,100.32098,0.0
SCS02,2944,1750377173,113.0,6.360792,100.310295,0.0
SCS02,2944,1750377233,49.0,6.370023,100.30339,0.0
SCS02,2944,1750377323,56.0,6.373062,100.30114,0.0
SCS02,2944,1750377323,56.0,6.373062,100.30114,0.0
SCS02,2944,1750377383,122.0,6.384852,100.29233,0.0
SCS02,2944,1750377473,119.0,6.406998,100.27692,0.0
SCS02,2944,1750377533,99.0,6.42272,100.27151,0.0
SCS02,2944,1750377593,19.0,6.43228,100.268234,0.0
SCS02,2944,1750377653,17.0,6.432933,100.268,0.0
SCS02,2944,1750377713,104.0,6.441218,100.26513,0.0
SCS02,2944,1750377773,118.0,6.45801,100.25935,0.0
SCS02,2944,1750377833,120.0,6.47517,100.25383,0.0
SCS02,2944,1750377893,120.0,6.493225,100.25346,0.0
SCS02,2944,1750377953,115.0,6.511095,100.25474,0.0
SCS02,2944,1750378043,0.0,6.524398,100.257034,0.0
SCS02,2944,1750378043,0.0,6.524398,100.257034,0.0
SCS02,2944,1750378133,105.0,6.534375,100.258736,0.0
SCS02,2944,1750378193,117.0,6.551977,100.259735,0.0
SCS02,2944,1750378223,120.0,6.560935,100.25938,0.0
SCS02,2944,1750378313,115.0,6.587408,100.26272,0.0
SCS02,2944,1750378343,117.0,6.596108,100.263214,0.0
SCS02,2944,1750378403,112.0,6.613687,100.264275,0.0
SCS02,2944,1750378463,57.0,6.627072,100.268196,0.0
SCS02,2944,1750378553,32.0,6.631815,100.27377,0.0
SCS02,2944,1750378583,30.0,6.633207,100.27566,0.0
SCS02,2955,1750379758,23.0,6.66192,100.319305,0.0
SCS02,2955,1750379788,27.0,6.660752,100.31784,0.0
SCS02,2955,1750379848,45.0,6.657952,100.31373,0.0
SCS02,2955,1750379908,57.0,6.653883,100.307785,0.0
SCS02,2955,1750379968,108.0,6.648307,100.29641,0.0
SCS02,2955,1750380058,31.0,6.638867,100.2833,0.0
SCS02,2955,1750380088,33.0,6.637382,100.28132,0.0
SCS02,2955,1750380178,34.0,6.63254,100.27486,0.0
SCS02,2955,1750380208,35.0,6.630957,100.2727,0.0
SCS02,2955,1750380268,90.0,6.62568,100.26727,0.0
SCS02,2955,1750380328,122.0,6.60892,100.26365,0.0
SCS02,2955,1750380388,119.0,6.59088,100.263084,0.0
SCS02,2955,1750380448,123.0,6.572972,100.259636,0.0
SCS02,2955,1750380508,119.0,6.554512,100.259705,0.0
SCS02,2955,1750380568,120.0,6.536648,100.259155,0.0
SCS02,2955,1750380628,26.0,6.52474,100.25712,0.0
SCS02,2955,1750380688,43.0,6.523327,100.256874,0.0
SCS02,2955,1750380778,118.0,6.500395,100.25341,0.0
SCS02,2955,1750380808,119.0,6.491342,100.25357,0.0
SCS02,2955,1750380868,119.0,6.473308,100.25419,0.0
SCS02,2955,1750380958,119.0,6.447638,100.26296,0.0
SCS02,2955,1750380988,82.0,6.440157,100.26554,0.0
SCS02,2955,1750381048,7.0,6.432513,100.26817,0.0
SCS02,2955,1750381108,39.0,6.431062,100.26874,0.0
SCS02,2955,1750381168,121.0,6.418022,100.27319,0.0
SCS02,2955,1750381228,120.0,6.40124,100.2801,0.0
SCS02,2955,1750381288,119.0,6.386747,100.29092,0.0
SCS02,2955,1750381348,71.0,6.374673,100.29996,0.0
SCS02,2955,1750381438,48.0,6.370433,100.30318,0.0
SCS02,2955,1750381468,100.0,6.36571,100.306725,0.0
SCS02,2955,1750381528,116.0,6.351672,100.31722,0.0
SCS02,2955,1750381588,119.0,6.337212,100.328026,0.0
SCS02,2955,1750381648,120.0,6.322708,100.33885,0.0
SCS02,2955,1750381708,119.0,6.306487,100.34614,0.0
SCS02,2955,1750381738,120.0,6.297628,100.34794,0.0
SCS02,2955,1750381858,119.0,6.26219,100.35519,0.0
SCS02,2955,1750381888,119.0,6.25332,100.356995,0.0
SCS02,2955,1750381991,119.0,6.22306,100.3632,0.0
SCS02,2955,1750382021,120.0,6.21417,100.365005,0.0
SCS02,2955,1750382081,117.0,6.196528,100.36861,0.0
SCS02,2955,1750382141,44.0,6.184962,100.37381,0.0
SCS02,2955,1750382201,7.0,6.183793,100.37465,0.0
SCS02,2955,1750382257,111.0,6.175,100.37841,0.0
SCS02,2955,1750382317,120.0,6.15686,100.37968,0.0
SCS02,2955,1750382377,119.0,6.138843,100.38068,0.0
SCS02,2955,1750382437,103.0,6.12236,100.37393,0.0
SCS02,2955,1750382497,20.0,6.113927,100.3701,0.0
SCS02,2955,1750382557,13.0,6.113495,100.36997,0.0
SCS02,2955,1750382619,113.0,6.102547,100.36721,0.0
SCS02,2955,1750382679,120.0,6.086965,100.376015,0.0
SCS02,2955,1750382739,120.0,6.071118,100.3847,0.0
SCS02,2955,1750382829,119.0,6.047497,100.398056,0.0
SCS02,2955,1750382859,115.0,6.039752,100.40244,0.0
SCS02,2955,1750382949,120.0,6.016187,100.41577,0.0
SCS02,2955,1750382979,119.0,6.008332,100.42021,0.0
SCS02,2955,1750383039,120.0,5.992605,100.429115,0.0
SCS02,2955,1750383129,46.0,5.97423,100.43949,0.0
SCS02,2955,1750383159,0.0,5.972653,100.44038,0.0
SCS02,2955,1750383219,48.0,5.97168,100.440926,0.0
SCS02,2955,1750383279,121.0,5.959187,100.44799,0.0
SCS02,2955,1750383339,119.0,5.943278,100.45697,0.0
SCS02,2955,1750383399,120.0,5.926548,100.46377,0.0
SCS02,2955,1750383459,119.0,5.909692,100.47025,0.0
SCS02,2955,1750383519,120.0,5.89272,100.476616,0.0
SCS02,2955,1750383579,119.0,5.874662,100.47702,0.0
SCS02,2955,1750383639,119.0,5.856603,100.47698,0.0
SCS02,2955,1750383699,115.0,5.83859,100.47695,0.0
SCS02,2955,1750383759,40.0,5.826727,100.47786,0.0
SCS02,2955,1750383849,58.0,5.822875,100.4782,0.0
SCS02,2955,1750383909,116.0,5.808548,100.47989,0.0
SCS02,2955,1750383939,121.0,5.799732,100.48206,0.0
SCS02,2955,1750384029,122.0,5.774442,100.492516,0.0
SCS02,2955,1750384059,121.0,5.765912,100.49597,0.0
SCS02,2955,1750384119,122.0,5.749105,100.50383,0.0
SCS02,2955,1750384179,119.0,5.732218,100.51033,0.0
SCS02,2955,1750384225,119.0,5.718982,100.51447,0.0
SCS02,2955,1750384315,119.0,5.693225,100.50654,0.0
SCS02,2955,1750384345,119.0,5.68577,100.50148,0.0
SCS02,2955,1750384435,111.0,5.660822,100.49319,0.0
SCS02,2955,1750384465,93.0,5.652877,100.491844,0.0
SCS02,2955,1750384555,0.0,5.64369,100.49028,0.0
SCS02,2955,1750384585,7.0,5.643658,100.490295,0.0
SCS02,2955,1750384700,121.0,5.61885,100.49635,0.0
SCS02,2955,1750384714,121.0,5.614638,100.49702,0.0
SCS02,2955,1750384774,120.0,5.596918,100.49321,0.0
SCS02,2955,1750384834,123.0,5.578928,100.49546,0.0
SCS02,2955,1750384894,119.0,5.560942,100.49841,0.0
SCS02,2955,1750384954,119.0,5.543212,100.50183,0.0
SCS02,2955,1750385014,119.0,5.525817,100.506744,0.0
SCS02,2955,1750385099,119.0,5.500942,100.503105,0.0
SCS02,2955,1750385129,101.0,5.492628,100.500885,0.0
SCS02,2955,1750385189,24.0,5.483127,100.498344,0.0
SCS02,2955,1750385249,32.0,5.482235,100.498116,0.0
SCS02,2955,1750385309,118.0,5.46951,100.496254,0.0
SCS02,2955,1750385369,119.0,5.451713,100.493095,0.0
SCS02,2955,1750385429,121.0,5.434357,100.488106,0.0
SCS02,2955,1750385489,120.0,5.41922,100.478355,0.0
SCS02,2955,1750385549,124.0,5.401922,100.47223,0.0
SCS02,2955,1750385609,119.0,5.383848,100.46996,0.0
SCS02,2955,1750385669,68.0,5.368137,100.46801,0.0
SCS02,2955,1750385751,46.0,5.35792,100.466484,0.0
SCS02,2955,1750385813,50.0,5.360595,100.46102,0.0
SCS02,2955,1750385859,84.0,5.3652,100.45506,0.0
SCS02,2955,1750385949,0.0,5.366147,100.448456,0.0
SCS02,2955,1750385979,44.0,5.36645,100.44636,0.0
SCS02,2955,1750386039,103.0,5.363652,100.434135,0.0
SCS02,2955,1750386091,55.0,5.363567,100.423775,0.0
SCS02,2955,1750386151,10.0,5.364295,100.4218,0.0
SCS02,2955,1750386211,105.0,5.36828,100.41161,0.0
SCS02,2955,1750386271,101.0,5.374715,100.39755,0.0
SCS02,2955,1750386331,84.0,5.38178,100.38424,0.0
SCS02,2955,1750386391,33.0,5.38536,100.37745,0.0
SCS02,2955,1750386451,11.0,5.387058,100.37393,0.0
SCS02,2955,1750386511,29.0,5.389057,100.37153,0.0
SCS02,2955,1750386571,24.0,5.391388,100.36898,0.0
SCS02,2955,1750386631,0.0,5.392648,100.36714,0.0
SCS02,2955,1750386672,0.0,5.392648,100.36714,0.0
SCS02,2955,1750386851,0.0,5.392648,100.36714,0.0
SCS02,2955,1750386881,0.0,5.392648,100.36714,0.0
SCS02,2955,1750386957,7.0,5.392638,100.36717,0.0
SCS02,2955,1750386987,17.0,5.391995,100.368034,0.0
SCS02,2955,1750387077,23.0,5.388768,100.371796,0.0
SCS02,2955,1750387107,21.0,5.38755,100.373116,0.0
SCS02,2955,1750387167,68.0,5.384972,100.378296,0.0
SCS02,2955,1750387227,102.0,5.378113,100.39128,0.0
SCS02,2955,1750387317,96.0,5.36818,100.41195,0.0
SCS02,2955,1750387347,78.0,5.365828,100.41802,0.0
SCS02,2955,1750387437,0.0,5.3643,100.42195,0.0
SCS02,2955,1750387467,28.0,5.36404,100.42263,0.0
SCS02,2955,1750387527,50.0,5.362233,100.428986,0.0
SCS02,2958,1750387587,56.0,5.364752,100.436386,0.0
SCS02,2958,1750387664,36.0,5.366385,100.44745,0.0
SCS02,2958,1750387754,0.0,5.366242,100.44845,0.0
SCS02,2958,1750387784,0.0,5.366242,100.44845,0.0
SCS02,2958,1750387844,0.0,5.366242,100.44845,0.0
SCS02,2958,1750387904,0.0,5.366242,100.44845,0.0
SCS02,2958,1750387964,0.0,5.366242,100.44845,0.0
SCS02,2958,1750388024,0.0,5.366242,100.44845,0.0
SCS02,2958,1750388114,0.0,5.366242,100.44845,0.0
SCS02,2958,1750388144,0.0,5.366242,100.44845,0.0
SCS02,2958,1750388204,0.0,5.366242,100.44845,0.0
SCS02,2958,1750388264,0.0,5.366242,100.44845,0.0
SCS02,2958,1750388354,0.0,5.366242,100.44845,0.0
SCS02,2958,1750388384,0.0,5.366242,100.44845,0.0
SCS02,2958,1750388474,0.0,5.366242,100.44845,0.0
SCS02,2958,1750388504,0.0,5.366242,100.44845,0.0
SCS02,2958,1750388564,0.0,5.366242,100.44845,0.0
SCS02,2958,1750388624,0.0,5.366242,100.44845,0.0
SCS02,2958,1750388714,0.0,5.366242,100.44845,0.0
SCS02,2958,1750388744,0.0,5.366242,100.44845,0.0
SCS02,2958,1750388804,0.0,5.366242,100.44845,0.0
SCS02,2958,1750388864,0.0,5.366242,100.44845,0.0
SCS02,2958,1750388924,0.0,5.366242,100.44845,0.0
SCS02,2958,1750388984,0.0,5.366242,100.44845,0.0
SCS02,2958,1750389044,0.0,5.366242,100.44845,0.0
SCS02,2958,1750389134,0.0,5.366193,100.448524,0.0
SCS02,2958,1750389164,0.0,5.366193,100.448524,0.0
SCS02,2958,1750389224,0.0,5.366193,100.448524,0.0
SCS02,2958,1750389284,0.0,5.366193,100.448524,0.0
SCS02,2958,1750389344,0.0,5.366193,100.448524,0.0
SCS02,2958,1750389404,0.0,5.366193,100.448524,0.0
SCS02,2958,1750389494,0.0,5.366193,100.448524,0.0
SCS02,2958,1750389524,0.0,5.366193,100.448524,0.0
SCS02,2958,1750389584,0.0,5.366193,100.448524,0.0
SCS02,2958,1750389644,0.0,5.366193,100.448524,0.0
SCS02,2958,1750389704,0.0,5.366193,100.448524,0.0
SCS02,2958,1750389794,0.0,5.366193,100.448524,0.0
SCS02,2958,1750389824,0.0,5.366193,100.448524,0.0
SCS02,2958,1750389869,6.0,5.366195,100.448555,0.0
SCS02,2958,1750389929,49.0,5.36562,100.45262,0.0
SCS02,2958,1750389989,45.0,5.36294,100.45918,0.0
SCS02,2958,1750390064,46.0,5.35716,100.46533,0.0
SCS02,2958,1750390111,46.0,5.361387,100.467125,0.0
SCS02,2958,1750390171,112.0,5.372995,100.468575,0.0
SCS02,2958,1750390231,115.0,5.390832,100.470795,0.0
SCS02,2958,1750390291,116.0,5.408165,100.47364,0.0
SCS02,2958,1750390351,121.0,5.424267,100.48152,0.0
SCS02,2958,1750390411,119.0,5.440195,100.489975,0.0
SCS02,2958,1750390471,119.0,5.457728,100.49463,0.0
SCS02,2958,1750390501,119.0,5.466487,100.4966,0.0
SCS02,2958,1750390591,0.0,5.482935,100.49822,0.0
SCS02,2958,1750390651,58.0,5.484957,100.49877,0.0
SCS02,2958,1750390711,108.0,5.498375,100.50236,0.0
SCS02,2958,1750390771,121.0,5.515077,100.50685,0.0
SCS02,2958,1750390824,120.0,5.530672,100.505295,0.0
SCS02,2958,1750390884,119.0,5.548082,100.50045,0.0
SCS02,2958,1750390944,119.0,5.56589,100.49753,0.0
SCS02,2958,1750391004,115.0,5.583615,100.49461,0.0
SCS02,2958,1750391064,117.0,5.601373,100.494064,0.0
SCS02,2958,1750391149,120.0,5.625848,100.49337,0.0
SCS02,2958,1750391191,107.0,5.637635,100.4892,0.0
SCS02,2958,1750391251,0.0,5.64372,100.49023,0.0
SCS02,2958,1750391341,86.0,5.651138,100.49145,0.0
SCS02,2958,1750391371,116.0,5.658788,100.49277,0.0
SCS02,2958,1750391431,118.0,5.676648,100.49588,0.0
SCS02,2958,1750391491,121.0,5.691865,100.50555,0.0
SCS02,2958,1750391551,119.0,5.708527,100.51185,0.0
SCS02,2958,1750391655,120.0,5.738447,100.507904,0.0
SCS02,2958,1750391685,119.0,5.746895,100.504654,0.0
SCS02,2958,1750391775,120.0,5.771575,100.49358,0.0
SCS02,2958,1750391805,119.0,5.78004,100.49033,0.0
SCS02,2958,1750391865,117.0,5.7963,100.482834,0.0
SCS02,2958,1750391925,111.0,5.813867,100.47889,0.0
SCS02,2958,1750391985,0.0,5.825145,100.47795,0.0
SCS02,2958,1750392045,55.0,5.827057,100.47779,0.0
SCS02,2958,1750392105,108.0,5.840598,100.4769,0.0
SCS02,2958,1750392165,121.0,5.857665,100.47691,0.0
SCS02,2958,1750392225,118.0,5.875823,100.476944,0.0
SCS02,2958,1750392285,120.0,5.893827,100.47621,0.0
SCS02,2958,1750392345,120.0,5.910735,100.469765,0.0
SCS02,2958,1750392405,119.0,5.927632,100.46329,0.0
SCS02,2958,1750392465,120.0,5.944315,100.456345,0.0
SCS02,2958,1750392555,103.0,5.967537,100.44323,0.0
SCS02,2958,1750392585,35.0,5.972232,100.440636,0.0
SCS02,2958,1750392645,26.0,5.973085,100.44011,0.0
SCS02,2958,1750392705,113.0,5.9837,100.434105,0.0
SCS02,2958,1750392765,119.0,5.99954,100.425156,0.0
SCS02,2958,1750392825,120.0,6.015292,100.41626,0.0
SCS02,2958,1750392885,120.0,6.03104,100.40737,0.0
SCS02,2958,1750392945,116.0,6.046725,100.39848,0.0
SCS02,2958,1750393005,120.0,6.06228,100.38969,0.0
SCS02,2958,1750393065,119.0,6.078035,100.38078,0.0
SCS02,2958,1750393125,117.0,6.093855,100.372116,0.0
SCS02,2958,1750393178,102.0,6.10716,100.367,0.0
SCS02,2958,1750393238,0.0,6.113655,100.369965,0.0
SCS02,2958,1750393298,48.0,6.114928,100.370544,0.0
SCS02,2958,1750393358,115.0,6.126803,100.375946,0.0
SCS02,2958,1750393409,117.0,6.141168,100.38073,0.0
SCS02,2958,1750393499,119.0,6.1682,100.37887,0.0
SCS02,2958,1750393529,113.0,6.177038,100.37801,0.0
SCS02,2958,1750393589,0.0,6.183848,100.37455,0.0
SCS02,2958,1750393649,66.0,6.185987,100.3731,0.0
SCS02,2958,1750393709,122.0,6.200473,100.367744,0.0
SCS02,2958,1750393769,119.0,6.218247,100.36414,0.0
SCS02,2958,1750393829,120.0,6.235977,100.36051,0.0
SCS02,2958,1750393889,119.0,6.25343,100.35695,0.0
SCS02,2958,1750393949,120.0,6.271195,100.353325,0.0
SCS02,2958,1750394009,119.0,6.288895,100.3497,0.0
SCS02,2958,1750394099,120.0,6.315403,100.343834,0.0
SCS02,2958,1750394129,120.0,6.322828,100.33868,0.0
SCS02,2958,1750394189,120.0,6.337338,100.32784,0.0
SCS02,2958,1750394249,119.0,6.351827,100.31702,0.0
SCS02,2958,1750394309,112.0,6.366035,100.3064,0.0
SCS02,2958,1750394369,0.0,6.371392,100.30241,0.0
SCS02,2958,1750394429,86.0,6.375418,100.2994,0.0
SCS02,2958,1750394489,121.0,6.389137,100.28916,0.0
SCS02,2958,1750394549,119.0,6.403677,100.27838,0.0
SCS02,2958,1750394609,116.0,6.420493,100.2723,0.0
SCS02,2958,1750394699,0.0,6.43261,100.268105,0.0
SCS02,2958,1750394729,22.0,6.432988,100.26798,0.0
SCS02,2958,1750394789,107.0,6.443232,100.26447,0.0
SCS02,2958,1750394849,118.0,6.460153,100.25862,0.0
SCS02,2958,1750394909,120.0,6.477375,100.25374,0.0
SCS02,2958,1750394969,119.0,6.495467,100.25346,0.0
SCS02,2958,1750395029,114.0,6.51332,100.255135,0.0
SCS02,2958,1750395089,9.0,6.52439,100.257034,0.0
SCS02,2958,1750395149,39.0,6.525348,100.257195,0.0
SCS02,2958,1750395209,102.0,6.537108,100.25922,0.0
SCS02,2958,1750395269,121.0,6.55428,100.259674,0.0
SCS02,2958,1750395359,112.0,6.579503,100.26187,0.0
SCS02,2958,1750395389,119.0,6.58819,100.26277,0.0
SCS02,2958,1750395479,118.0,6.615443,100.264534,0.0
SCS02,2958,1750395509,97.0,6.623988,100.26632,0.0
SCS02,2958,1750395569,23.0,6.629812,100.271095,0.0
SCS02,2958,1750395629,32.0,6.63276,100.27504,0.0
SCS02,2958,1750395719,30.0,6.63723,100.281044,0.0
SCS02,2958,1750395749,28.0,6.638503,100.28276,0.0
SCS02,2958,1750395809,76.0,6.642772,100.288506,0.0
SCS02,2958,1750395869,100.0,6.649748,100.30102,0.0
SCS02,2958,1750395929,74.0,6.65579,100.310524,0.0
SCS02,2958,1750395989,42.0,6.660778,100.31778,0.0
SCS02,2958,1750396049,0.0,6.662417,100.319534,0.0
SCS02,2958,1750396109,0.0,6.662417,100.319534,0.0
SCS02,2958,1750396169,0.0,6.662417,100.319534,0.0
SCS02,2958,1750396229,0.0,6.662902,100.3201,0.0
SCS02,2958,1750396289,0.0,6.662902,100.3201,0.0
SCS02,2958,1750396349,0.0,6.662902,100.3201,0.0
SCS02,2958,1750396409,0.0,6.662902,100.3201,0.0
SCS02,2958,1750396469,0.0,6.662902,100.3201,0.0
SCS02,2958,1750396499,0.0,6.662902,100.3201,0.0
SCS02,2967,1750401324,6.0,6.662675,100.32022,0.0
SCS02,2967,1750401384,47.0,6.659912,100.31677,0.0
SCS02,2967,1750401444,44.0,6.65618,100.31107,0.0
SCS02,2967,1750401504,87.0,6.651128,100.30379,0.0
SCS02,2967,1750401564,90.0,6.643487,100.28953,0.0
SCS02,2967,1750401624,30.0,6.639803,100.28458,0.0
SCS02,2967,1750401684,33.0,6.636915,100.2807,0.0
SCS02,2967,1750401744,29.0,6.634132,100.27697,0.0
SCS02,2967,1750401804,30.0,6.631342,100.273224,0.0
SCS02,2967,1750401891,102.0,6.62274,100.26586,0.0
SCS02,2967,1750401951,120.0,6.605087,100.26329,0.0
SCS02,2967,1750402011,121.0,6.587122,100.26275,0.0
SCS02,2967,1750402071,124.0,6.569325,100.25913,0.0
SCS02,2967,1750402131,118.0,6.551127,100.25986,0.0
SCS02,2967,1750402191,100.0,6.533308,100.2586,0.0
SCS02,2967,1750402251,0.0,6.524292,100.25707,0.0
SCS02,2967,1750402311,74.0,6.521203,100.25652,0.0
SCS02,2967,1750402371,118.0,6.505415,100.25382,0.0
SCS02,2967,1750402401,119.0,6.4965,100.25349,0.0
SCS02,2967,1750402461,119.0,6.478382,100.25377,0.0
SCS02,2967,1750402521,119.0,6.461062,100.258354,0.0
SCS02,2967,1750402611,73.0,6.437385,100.26651,0.0
SCS02,2967,1750402671,0.0,6.432427,100.26824,0.0
SCS09,weekday_2027,1750402717,0.0,3.185583,101.689095,0.0
SCS02,2967,1750402731,68.0,6.429938,100.26908,0.0
SCS09,weekday_2027,1750402777,0.0,3.185583,101.689095,0.0
SCS02,2967,1750402791,122.0,6.415133,100.27417,0.0
SCS09,weekday_2027,1750402837,0.0,3.185583,101.689095,0.0
SCS02,2967,1750402851,120.0,6.398882,100.28196,0.0
SCS09,weekday_2027,1750402897,0.0,3.185605,101.689186,0.0
SCS02,2967,1750402911,119.0,6.384382,100.29277,0.0
SCS18,weekday_2139,1750402910,108.0,3.389883,101.62707,0.0
SCS09,weekday_2027,1750402957,0.0,3.185605,101.689186,0.0
SCS02,2967,1750402971,62.0,6.372968,100.301254,0.0
SCS18,weekday_2139,1750402970,106.0,3.405937,101.62805,0.0
SCS02,2967,1750403001,0.0,6.371262,100.302574,0.0
SCS18,weekday_2139,1750403000,102.0,3.413817,101.62691,0.0
SCS09,weekday_2027,1750403017,0.0,3.185605,101.689186,0.0
SCS09,weekday_2027,1750403077,0.0,3.185605,101.689186,0.0
SCS02,2967,1750403091,113.0,6.362762,100.308945,0.0
SCS18,weekday_2142,1750403090,109.0,3.434013,101.63367,0.0
SCS09,weekday_2027,1750403177,0.0,3.185605,101.689186,0.0
SCS02,2967,1750403181,120.0,6.341237,100.325,0.0
SCS18,weekday_2142,1750403180,99.0,3.456792,101.63932,0.0
SCS09,weekday_2027,1750403197,0.0,3.185605,101.689186,0.0
SCS02,2967,1750403211,119.0,6.333987,100.330414,0.0
SCS18,weekday_2142,1750403210,81.0,3.463683,101.637436,0.0
SCS02,2967,1750403300,119.0,6.311758,100.34509,0.0
SCS18,weekday_2142,1750403300,35.0,3.468695,101.63787,0.0
SCS09,weekday_2027,1750403297,0.0,3.185605,101.689186,0.0
SCS09,weekday_2027,1750403317,0.0,3.185605,101.689186,0.0
SCS02,2967,1750403330,120.0,6.30289,100.34692,0.0
SCS18,weekday_2142,1750403330,88.0,3.473675,101.638664,0.0
SCS09,weekday_2027,1750403377,0.0,3.185605,101.689186,0.0
SCS02,2967,1750403390,120.0,6.285162,100.35053,0.0
SCS18,weekday_2142,1750403390,108.0,3.488992,101.63675,0.0
SCS09,weekday_2027,1750403437,0.0,3.185605,101.689186,0.0
SCS18,weekday_2142,1750403420,77.0,3.496048,101.63483,0.0
SCS02,2967,1750403420,119.0,6.27629,100.35235,0.0
SCS18,weekday_2142,1750403510,47.0,3.50081,101.634254,0.0
SCS02,2967,1750403510,119.0,6.249712,100.35777,0.0
SCS09,weekday_2027,1750403497,0.0,3.185605,101.689186,0.0
SCS18,weekday_2142,1750403540,68.0,3.505993,101.63332,0.0
SCS02,2967,1750403540,118.0,6.240878,100.359566,0.0
SCS09,weekday_2027,1750403557,0.0,3.185605,101.689186,0.0
SCS02,2967,1750403600,120.0,6.22328,100.36317,0.0
SCS09,weekday_2027,1750403617,0.0,3.185605,101.689186,0.0
SCS18,weekday_2142,1750403630,103.0,3.526372,101.62976,0.0
SCS09,weekday_2027,1750403677,0.0,3.185605,101.689186,0.0
SCS02,2967,1750403690,119.0,6.1967,100.36858,0.0
SCS18,weekday_2142,1750403690,98.0,3.540322,101.63561,0.0
SCS09,weekday_2027,1750403737,0.0,3.185605,101.689186,0.0
SCS18,weekday_2142,1750403750,44.0,3.551458,101.639694,0.0
SCS02,2967,1750403750,50.0,6.185257,100.37364,0.0
SCS09,weekday_2027,1750403797,0.0,3.185605,101.689186,0.0
SCS02,2967,1750403810,0.0,6.183765,100.37464,0.0
SCS18,weekday_2142,1750403810,14.0,3.55279,101.6396,0.0
SCS09,weekday_2027,1750403857,0.0,3.185605,101.689186,0.0
SCS02,2967,1750403870,105.0,6.176032,100.378296,0.0
SCS18,weekday_2142,1750403870,76.0,3.560515,101.63349,0.0
SCS18,weekday_2142,1750403900,83.0,3.562888,101.62771,0.0
SCS02,2967,1750403900,122.0,6.167267,100.379005,0.0
SCS09,weekday_2027,1750403917,0.0,3.185605,101.689186,0.0
SCS18,weekday_2142,1750403960,101.0,3.571168,101.61626,0.0
SCS09,weekday_2027,1750403977,0.0,3.185605,101.689186,0.0
SCS02,2967,1750403990,119.0,6.140048,100.3808,0.0
SCS09,weekday_2027,1750404037,0.0,3.185605,101.689186,0.0
SCS02,2967,1750404050,114.0,6.123215,100.3744,0.0
SCS18,weekday_2142,1750404050,103.0,3.591912,101.60656,0.0
SCS09,weekday_2027,1750404097,0.0,3.185605,101.689186,0.0
SCS02,2967,1750404110,25.0,6.113982,100.370186,0.0
SCS18,weekday_2142,1750404110,110.0,3.600138,101.59454,0.0
SCS09,weekday_2027,1750404157,0.0,3.185605,101.689186,0.0
SCS02,2967,1750404170,0.0,6.113582,100.370026,0.0
SCS18,weekday_2142,1750404170,108.0,3.61177,101.583694,0.0
SCS09,weekday_2027,1750404197,0.0,3.185605,101.689186,0.0
SCS18,weekday_2142,1750404230,109.0,3.622045,101.571335,0.0
SCS02,2967,1750404230,100.0,6.10669,100.366936,0.0
SCS02,2967,1750404270,118.0,6.096303,100.37075,0.0
SCS18,weekday_2142,1750404290,108.0,3.63458,101.56107,0.0
SCS02,2967,1750404330,119.0,6.080478,100.37962,0.0
SCS18,weekday_2142,1750404350,108.0,3.647692,101.5516,0.0
SCS18,weekday_2142,1750404380,109.0,3.652828,101.545235,0.0
SCS02,2967,1750404390,120.0,6.064688,100.38838,0.0
SCS02,2967,1750404450,120.0,6.048932,100.397285,0.0
SCS18,weekday_2142,1750404470,93.0,3.671248,101.530685,0.0
SCS18,weekday_2142,1750404500,53.0,3.675398,101.527756,0.0
SCS02,2967,1750404510,119.0,6.033408,100.406044,0.0
SCS02,2967,1750404570,120.0,6.017615,100.414955,0.0
SCS18,weekday_2142,1750404590,38.0,3.68286,101.52021,0.0
SCS02,2967,1750404630,119.0,6.001868,100.423836,0.0
SCS18,weekday_2142,1750404650,0.0,3.683938,101.518936,0.0
SCS18,weekday_2142,1750404680,0.0,3.683938,101.518936,0.0
SCS02,2967,1750404690,119.0,5.986128,100.43274,0.0
SCS02,2967,1750404750,59.0,5.974438,100.43934,0.0
SCS18,weekday_2142,1750404770,0.0,3.683938,101.518936,0.0
SCS02,2967,1750404810,0.0,5.972612,100.44039,0.0
SCS18,weekday_2142,1750404830,0.0,3.683938,101.518936,0.0
SCS18,weekday_2142,1750404860,0.0,3.683938,101.518936,0.0
SCS02,2967,1750404870,100.0,5.965795,100.4442,0.0
SCS02,2967,1750404930,121.0,5.950342,100.45296,0.0
SCS18,weekday_2142,1750404950,0.0,3.683938,101.518936,0.0
SCS18,weekday_2142,1750405010,0.0,3.683938,101.518936,0.0
SCS02,2967,1750404990,119.0,5.934112,100.46088,0.0
SCS02,2967,1750405050,119.0,5.917237,100.46737,0.0
SCS18,weekday_2142,1750405070,0.0,3.683938,101.518936,0.0
SCS02,2967,1750405110,120.0,5.900377,100.47387,0.0
SCS18,weekday_2142,1750405130,0.0,3.683938,101.518936,0.0
SCS02,2967,1750405170,119.0,5.882793,100.47708,0.0
SCS18,weekday_2142,1750405190,0.0,3.683938,101.518936,0.0
SCS02,2967,1750405230,118.0,5.864705,100.47702,0.0
SCS18,weekday_2142,1750405220,0.0,3.683938,101.518936,0.0
SCS02,2967,1750405320,116.0,5.837617,100.47704,0.0
SCS18,weekday_2142,1750405340,29.0,3.681713,101.521545,0.0
SCS02,2967,1750405350,75.0,5.82994,100.47765,0.0
SCS18,weekday_2142,1750405370,30.0,3.680125,101.52325,0.0
SCS02,2967,1750405410,0.0,5.824975,100.47807,0.0
SCS18,weekday_2142,1750405430,79.0,3.674457,101.52847,0.0
SCS02,2967,1750405500,102.0,5.814185,100.47898,0.0
SCS18,weekday_2142,1750405520,106.0,3.655992,101.54192,0.0
SCS02,2967,1750405530,117.0,5.805967,100.480545,0.0
SCS18,weekday_2142,1750405550,108.0,3.650748,101.54793,0.0
SCS18,weekday_2142,1750405580,110.0,3.64519,101.55398,0.0
SCS02,2967,1750405590,121.0,5.788743,100.486176,0.0
SCS18,weekday_2142,1750405640,109.0,3.631567,101.56327,0.0
SCS02,2967,1750405650,121.0,5.772075,100.49344,0.0
SCS18,weekday_2142,1750405700,76.0,3.621523,101.57183,0.0
SCS02,2967,1750405710,124.0,5.755302,100.50112,0.0
SCS02,2967,1750405770,119.0,5.738288,100.507965,0.0
SCS18,weekday_2142,1750405790,105.0,3.60733,101.588104,0.0
SCS18,weekday_2142,1750405850,97.0,3.599063,101.60007,0.0
SCS02,2967,1750405844,118.0,5.717138,100.51413,0.0
SCS18,weekday_2142,1750405910,110.0,3.587205,101.60986,0.0
SCS02,2967,1750405904,119.0,5.699635,100.5097,0.0
SCS18,weekday_2142,1750405970,93.0,3.573127,101.61459,0.0
SCS02,2967,1750405964,120.0,5.684257,100.500496,0.0
SCS18,weekday_2142,1750406030,109.0,3.563783,101.62559,0.0
SCS02,2967,1750406024,118.0,5.667565,100.49438,0.0
SCS18,weekday_2142,1750406090,83.0,3.556922,101.63857,0.0
SCS02,2967,1750406084,88.0,5.651372,100.49161,0.0
SCS02,2967,1750406144,0.0,5.643635,100.49031,0.0
SCS18,weekday_2142,1750406150,0.0,3.552697,101.63956,0.0
SCS18,weekday_2142,1750406180,30.0,3.552023,101.63969,0.0
SCS02,2967,1750406204,27.0,5.643313,100.49023,0.0
SCS02,2967,1750406250,101.0,5.635247,100.48955,0.0
SCS18,weekday_2142,1750406270,100.0,3.535008,101.6342,0.0
SCS18,weekday_2142,1750406330,101.0,3.520882,101.62899,0.0
SCS02,2967,1750406327,117.0,5.61435,100.49699,0.0
SCS18,weekday_2142,1750406390,73.0,3.508245,101.63303,0.0
SCS02,2967,1750406387,121.0,5.597032,100.49326,0.0
SCS18,weekday_2142,1750406450,8.0,3.499635,101.63431,0.0
SCS02,2967,1750406447,123.0,5.579017,100.49548,0.0
SCS18,weekday_2142,1750406510,52.0,3.497777,101.63464,0.0
SCS02,2967,1750406507,119.0,5.560983,100.49844,0.0
SCS18,weekday_2142,1750406540,84.0,3.492563,101.63545,0.0
SCS02,2967,1750406567,119.0,5.543287,100.50184,0.0
SCS02,2967,1750406627,119.0,5.525577,100.506805,0.0
SCS18,weekday_2155,1750406690,0.0,3.467825,101.637665,0.0
SCS02,2967,1750406652,120.0,5.51847,100.5078,0.0
SCS18,weekday_2155,1750406750,86.0,3.460128,101.63836,0.0
SCS02,2967,1750406742,115.0,5.492375,100.500824,0.0
SCS18,weekday_2155,1750406810,110.0,3.444802,101.63855,0.0
SCS02,2967,1750406802,14.0,5.482862,100.498276,0.0
SCS02,2967,1750406862,28.0,5.482438,100.49818,0.0
SCS18,weekday_2155,1750406870,89.0,3.43162,101.63177,0.0
SCS02,2967,1750406922,118.0,5.469768,100.49625,0.0
SCS18,weekday_2155,1750406930,87.0,3.421055,101.62477,0.0
SCS18,weekday_2155,1750406990,112.0,3.406195,101.62811,0.0
SCS02,2967,1750406982,119.0,5.451968,100.49318,0.0
SCS02,2967,1750407042,121.0,5.434575,100.488235,0.0
SCS18,weekday_2155,1750407050,109.0,3.38943,101.62691,0.0
SCS02,2967,1750407102,120.0,5.41943,100.47848,0.0
SCS18,weekday_2155,1750407080,108.0,3.383203,101.62157,0.0
SCS02,2967,1750407162,122.0,5.402238,100.47227,0.0
SCS18,weekday_2155,1750407170,0.0,3.375663,101.614006,0.0
SCS02,2967,1750407222,120.0,5.384182,100.46999,0.0
SCS18,weekday_2155,1750407230,84.0,3.370967,101.6093,0.0
SCS02,2967,1750407282,89.0,5.367042,100.46787,0.0
SCS18,weekday_2155,1750407290,110.0,3.36484,101.59523,0.0
SCS02,2967,1750407352,47.0,5.357832,100.46644,0.0
SCS18,weekday_2155,1750407350,100.0,3.363078,101.57959,0.0
SCS02,2967,1750407413,48.0,5.360682,100.460945,0.0
SCS18,weekday_2155,1750407410,95.0,3.353855,101.571785,0.0
SCS02,2967,1750407461,80.0,5.365155,100.45513,0.0
SCS18,weekday_2155,1750407410,95.0,3.353855,101.571785,0.0
SCS02,2967,1750407521,0.0,5.36616,100.44849,0.0
SCS18,weekday_2155,1750407530,49.0,3.332325,101.569984,0.0
SCS02,2967,1750407581,26.0,5.366227,100.44814,0.0
SCS18,weekday_2155,1750407590,18.0,3.32754,101.56953,0.0
SCS02,2967,1750407661,96.0,5.363615,100.434135,0.0
SCS18,weekday_2155,1750407680,0.0,3.327118,101.56978,0.0
SCS02,2967,1750407685,76.0,5.362188,100.42898,0.0
SCS18,weekday_2155,1750407710,0.0,3.327118,101.56978,0.0
SCS02,2967,1750407745,0.0,5.363877,100.42292,0.0
SCS18,weekday_2155,1750407770,0.0,3.327118,101.56978,0.0
SCS02,2967,1750407805,0.0,5.364277,100.42189,0.0
SCS18,weekday_2155,1750407830,40.0,3.325935,101.5706,0.0
SCS18,weekday_2155,1750407890,40.0,3.320465,101.57459,0.0
SCS02,2967,1750407865,105.0,5.367497,100.41356,0.0
SCS02,2967,1750407925,101.0,5.373858,100.39923,0.0
SCS18,weekday_2155,1750407950,0.0,3.31879,101.57485,0.0
SCS02,2967,1750407985,96.0,5.380792,100.38614,0.0
SCS18,weekday_2155,1750408010,70.0,3.312953,101.57495,0.0
SCS02,2967,1750408045,35.0,5.386072,100.376076,0.0
SCS18,weekday_2155,1750408070,90.0,3.299577,101.57482,0.0
SCS02,2967,1750408105,18.0,5.387297,100.37344,0.0
SCS18,weekday_2155,1750408130,82.0,3.287782,101.570496,0.0
SCS02,2967,1750408165,31.0,5.390297,100.3703,0.0
SCS18,weekday_2155,1750408190,83.0,3.27819,101.56335,0.0
SCS18,weekday_2155,1750408250,75.0,3.267707,101.55937,0.0
SCS32,weekday_2163,1750408250,0.0,3.684907,101.51796,0.0
SCS02,2967,1750408195,28.0,5.391665,100.368546,0.0
SCS32,weekday_2163,1750408310,50.0,3.682123,101.5211,0.0
SCS18,weekday_2155,1750408310,15.0,3.261573,101.55624,0.0
SCS32,weekday_2163,1750408370,79.0,3.676237,101.52721,0.0
SCS18,weekday_2155,1750408370,37.0,3.258832,101.55505,0.0
SCS18,weekday_2155,1750408430,6.0,3.257597,101.55477,0.0
SCS32,weekday_2163,1750408430,119.0,3.663298,101.53621,0.0
SCS18,weekday_2155,1750408460,41.0,3.255192,101.554634,0.0
SCS32,weekday_2163,1750408490,118.0,3.650387,101.54843,0.0
SCS02,2976,1750408568,23.0,5.390917,100.36978,0.0
SCS32,weekday_2163,1750408580,111.0,3.629325,101.5651,0.0
SCS18,weekday_2155,1750408580,30.0,3.246803,101.55864,0.0
SCS02,2976,1750408598,29.0,5.389465,100.37111,0.0
SCS18,weekday_2155,1750408610,62.0,3.244193,101.5604,0.0
SCS32,weekday_2163,1750408610,117.0,3.622917,101.57073,0.0
SCS02,2976,1750408658,38.0,5.386925,100.37439,0.0
SCS32,weekday_2163,1750408670,111.0,3.612065,101.58349,0.0
SCS18,weekday_2155,1750408670,106.0,3.230103,101.56002,0.0
SCS02,2976,1750408718,105.0,5.381972,100.38394,0.0
SCS18,weekday_2155,1750408730,105.0,3.216573,101.56847,0.0
SCS32,weekday_2163,1750408730,104.0,3.599898,101.595406,0.0
SCS02,2976,1750408778,100.0,5.374768,100.39759,0.0
SCS32,weekday_2163,1750408790,122.0,3.590397,101.607666,0.0
SCS18,weekday_2155,1750408790,42.0,3.208815,101.57555,0.0
SCS02,2976,1750408868,91.0,5.365792,100.418076,0.0
SCS18,weekday_2155,1750408880,0.0,3.206045,101.58096,0.0
SCS32,weekday_2163,1750408880,112.0,3.568777,101.61862,0.0
SCS32,weekday_2163,1750408910,109.0,3.563888,101.62557,0.0
SCS18,weekday_2155,1750408910,23.0,3.205872,101.58137,0.0
SCS02,2976,1750408898,15.0,5.364335,100.42185,0.0
SCS02,2976,1750408958,65.0,5.363528,100.423935,0.0
SCS32,weekday_2163,1750408970,80.0,3.557383,101.63836,0.0
SCS18,weekday_2155,1750408970,53.0,3.202787,101.58698,0.0
SCS02,2976,1750409016,100.0,5.365062,100.437096,0.0
SCS18,weekday_2155,1750409030,91.0,3.200878,101.59832,0.0
SCS32,weekday_2163,1750409030,0.0,3.553872,101.6395,0.0
SCS02,2976,1750409071,31.0,5.366303,100.44778,0.0
SCS32,weekday_2163,1750409090,95.0,3.546528,101.63868,0.0
SCS18,weekday_2155,1750409090,98.0,3.202243,101.61213,0.0
SCS02,2976,1750409131,0.0,5.366212,100.448524,0.0
SCS18,weekday_2155,1750409150,77.0,3.208465,101.62258,0.0
SCS32,weekday_2163,1750409150,104.0,3.532337,101.63289,0.0
SCS02,2976,1750409191,0.0,5.366212,100.448524,0.0
SCS09,weekday_2046,1750409207,0.0,3.185642,101.689186,0.0
SCS32,weekday_2163,1750409210,106.0,3.517322,101.62888,0.0
SCS18,weekday_2155,1750409210,0.0,3.20857,101.62902,0.0
SCS02,2976,1750409251,0.0,5.366212,100.448524,0.0
SCS09,weekday_2046,1750409267,0.0,3.185638,101.68917,0.0
SCS18,weekday_2155,1750409270,42.0,3.207765,101.631996,0.0
SCS32,weekday_2163,1750409270,76.0,3.505585,101.63346,0.0
SCS02,2976,1750409311,41.0,5.365828,100.45116,0.0
SCS18,weekday_2155,1750409330,36.0,3.202798,101.63728,0.0
SCS32,weekday_2163,1750409330,0.0,3.500948,101.63417,0.0
SCS09,weekday_2046,1750409327,0.0,3.185638,101.68917,0.0
SCS02,2976,1750409364,48.0,5.363867,100.45817,0.0
SCS18,weekday_2155,1750409390,43.0,3.201473,101.638565,0.0
SCS32,weekday_2163,1750409390,95.0,3.494312,101.63517,0.0
SCS09,weekday_2046,1750409387,0.0,3.185638,101.68917,0.0
SCS02,2976,1750409453,51.0,5.35787,100.4664,0.0
SCS18,weekday_2155,1750409450,84.0,3.19645,101.64504,0.0
SCS32,weekday_2163,1750409450,109.0,3.477722,101.63941,0.0
SCS09,weekday_2046,1750409447,0.0,3.185638,101.68917,0.0
SCS02,2976,1750409490,80.0,5.36346,100.4674,0.0
SCS09,weekday_2046,1750409507,0.0,3.185638,101.68917,0.0
SCS18,weekday_2155,1750409510,102.0,3.190038,101.659195,0.0
SCS32,weekday_2163,1750409510,14.0,3.46923,101.63798,0.0
SCS32,weekday_2163,1750409540,0.0,3.469047,101.63795,0.0
SCS02,2976,1750409550,121.0,5.37978,100.469444,0.0
SCS09,weekday_2046,1750409567,0.0,3.185638,101.68917,0.0
SCS18,weekday_2155,1750409510,102.0,3.190038,101.659195,0.0
SCS02,2976,1750409640,116.0,5.406625,100.473175,0.0
SCS09,weekday_2046,1750409647,0.0,3.185652,101.689285,0.0
SCS32,weekday_2163,1750409660,121.0,3.443427,101.638275,0.0
SCS18,weekday_2155,1750409660,94.0,3.180972,101.67473,0.0
SCS32,weekday_2163,1750409660,121.0,3.443427,101.638275,0.0
SCS02,2976,1750409670,119.0,5.415083,100.47629,0.0
SCS18,weekday_2155,1750409690,77.0,3.177143,101.67987,0.0
SCS09,weekday_2046,1750409687,0.0,3.185652,101.689285,0.0
SCS02,2976,1750409730,121.0,5.430752,100.48581,0.0
SCS32,weekday_2163,1750409750,105.0,3.422493,101.625046,0.0
SCS18,weekday_2155,1750409750,65.0,3.168277,101.68666,0.0
SCS09,weekday_2046,1750409747,0.0,3.185652,101.689285,0.0
SCS02,2976,1750409790,121.0,5.447578,100.491974,0.0
SCS09,weekday_2046,1750409807,0.0,3.185652,101.689285,0.0
SCS32,weekday_2163,1750409810,124.0,3.405675,101.62809,0.0
SCS18,weekday_2155,1750409810,0.0,3.165197,101.691246,0.0
SCS02,2976,1750409850,119.0,5.465078,100.49654,0.0
SCS32,weekday_2163,1750409870,118.0,3.387765,101.62593,0.0
SCS18,weekday_2155,1750409870,49.0,3.162917,101.69201,0.0
SCS09,weekday_2046,1750409867,0.0,3.185652,101.689285,0.0
SCS02,2976,1750409910,61.0,5.481465,100.49785,0.0
SCS18,weekday_2155,1750409930,32.0,3.154382,101.69291,0.0
SCS32,weekday_2163,1750409930,43.0,3.37741,101.61585,0.0
SCS09,weekday_2046,1750409927,0.0,3.185652,101.689285,0.0
SCS02,2976,1750409970,0.0,5.482908,100.498245,0.0
SCS09,weekday_2046,1750409987,0.0,3.185652,101.689285,0.0
SCS18,weekday_2155,1750409990,44.0,3.153112,101.692024,0.0
SCS32,weekday_2163,1750409990,0.0,3.376503,101.61495,0.0
SCS32,weekday_2163,1750410020,43.0,3.37588,101.61432,0.0
SCS18,weekday_2155,1750410020,57.0,3.148867,101.69071,0.0
SCS02,2976,1750410030,98.0,5.490187,100.5002,0.0
SCS09,weekday_2046,1750410047,0.0,3.185652,101.689285,0.0
SCS02,2976,1750410090,118.0,5.506743,100.50465,0.0
SCS18,weekday_2155,1750410110,28.0,3.14255,101.69413,0.0
SCS32,weekday_2163,1750410110,121.0,3.364377,101.59384,0.0
SCS09,weekday_2046,1750410107,0.0,3.185652,101.689285,0.0
SCS02,2976,1750410172,120.0,5.530803,100.50531,0.0
SCS32,weekday_2163,1750410170,88.0,3.363252,101.578064,0.0
SCS18,weekday_2155,1750410170,0.0,3.139087,101.69355,0.0
SCS09,weekday_2046,1750410167,0.0,3.185652,101.689285,0.0
SCS02,2976,1750410232,119.0,5.548225,100.500496,0.0
SCS32,weekday_2163,1750410230,121.0,3.351112,101.57211,0.0
SCS18,weekday_2155,1750410230,0.0,3.139078,101.69355,0.0
SCS09,weekday_2046,1750410167,0.0,3.185652,101.689285,0.0
SCS02,2976,1750410292,119.0,5.566032,100.49754,0.0
SCS18,weekday_2155,1750410290,0.0,3.139078,101.69355,0.0
SCS32,weekday_2163,1750410290,85.0,3.335785,101.57236,0.0
SCS02,2976,1750410382,121.0,5.592863,100.49317,0.0
SCS32,weekday_2163,1750410380,54.0,3.32555,101.570946,0.0
SCS18,weekday_2155,1750410380,0.0,3.139078,101.69355,0.0
SCS02,2976,1750410412,119.0,5.601802,100.49421,0.0
SCS18,weekday_2155,1750410410,0.0,3.139078,101.69355,0.0
SCS32,weekday_2163,1750410410,45.0,3.32241,101.57328,0.0
SCS32,weekday_2163,1750410470,0.0,3.32006,101.574776,0.0
SCS18,weekday_2155,1750410470,0.0,3.138983,101.693535,0.0
SCS02,2976,1750410466,118.0,5.61773,100.49669,0.0
SCS02,2976,1750410537,109.0,5.637768,100.48925,0.0
SCS32,weekday_2163,1750410560,0.0,3.32006,101.574776,0.0
SCS18,weekday_2155,1750410560,3.0,3.138983,101.693535,0.0
SCS02,2976,1750410567,30.0,5.64302,100.49012,0.0
SCS18,weekday_2155,1750410590,21.0,3.137775,101.692665,0.0
SCS32,weekday_2163,1750410590,40.0,3.318312,101.57489,0.0
SCS18,weekday_2155,1750410650,22.0,3.13636,101.69003,0.0
SCS32,weekday_2163,1750410650,97.0,3.307718,101.57502,0.0
SCS02,2976,1750410627,0.0,5.643692,100.49023,0.0
SCS02,2976,1750410687,79.0,5.648572,100.491104,0.0
SCS32,weekday_2163,1750410710,89.0,3.29433,101.57455,0.0
SCS18,weekday_2155,1750410710,0.0,3.135845,101.68894,0.0
SCS02,2976,1750410747,122.0,5.66452,100.493835,0.0
SCS18,weekday_2155,1750410770,0.0,3.135845,101.68894,0.0
SCS32,weekday_2163,1750410770,81.0,3.283577,101.56779,0.0
SCS02,2976,1750410833,120.0,5.687983,100.502945,0.0
SCS32,weekday_2163,1750410830,84.0,3.273058,101.56152,0.0
SCS18,weekday_2155,1750410830,0.0,3.135845,101.68894,0.0
SCS02,2976,1750410893,119.0,5.704113,100.5108,0.0
SCS18,weekday_2155,1750410890,0.0,3.135845,101.68894,0.0
SCS32,weekday_2163,1750410890,39.0,3.263983,101.55777,0.0
SCS02,2976,1750410953,120.0,5.72175,100.514244,0.0
SCS32,weekday_2163,1750410950,29.0,3.261863,101.55646,0.0
SCS18,weekday_2155,1750410950,0.0,3.135845,101.68894,0.0
SCS02,2976,1750411013,120.0,5.73868,100.507866,0.0
SCS32,weekday_2163,1750411010,0.0,3.258815,101.555084,0.0
SCS18,weekday_2155,1750411010,0.0,3.135845,101.68894,0.0
SCS02,2976,1750411073,119.0,5.755427,100.50108,0.0
SCS18,weekday_2155,1750411070,0.0,3.135845,101.68894,0.0
SCS32,weekday_2163,1750411070,0.0,3.258815,101.555084,0.0
SCS02,2976,1750411133,120.0,5.771807,100.493576,0.0
SCS18,weekday_2155,1750411130,0.0,3.135845,101.68894,0.0
SCS32,weekday_2163,1750411130,0.0,3.258815,101.555084,0.0
SCS18,weekday_2155,1750411220,0.0,3.135845,101.68894,0.0
SCS02,2976,1750411223,121.0,5.796747,100.48277,0.0
SCS32,weekday_2163,1750411220,0.0,3.258815,101.555084,0.0
SCS02,2976,1750411223,121.0,5.796747,100.48277,0.0
SCS32,weekday_2163,1750411220,0.0,3.258815,101.555084,0.0
SCS18,weekday_2155,1750411220,0.0,3.135845,101.68894,0.0
SCS02,2976,1750411313,78.0,5.822765,100.478195,0.0
SCS32,weekday_2163,1750411310,0.0,3.258815,101.555084,0.0
SCS18,weekday_2155,1750411310,0.0,3.135845,101.68894,0.0
SCS02,2976,1750411343,0.0,5.825047,100.47802,0.0
SCS32,weekday_2163,1750411370,0.0,3.258815,101.555084,0.0
SCS18,weekday_2155,1750411370,0.0,3.135845,101.68894,0.0
SCS02,2976,1750411403,78.0,5.82853,100.477715,0.0
SCS32,weekday_2163,1750411430,49.0,3.25563,101.55464,0.0
SCS18,weekday_2155,1750411430,0.0,3.135845,101.68894,0.0
SCS02,2976,1750411493,119.0,5.854053,100.476944,0.0
SCS18,weekday_2155,1750411490,0.0,3.135845,101.68894,0.0
SCS32,weekday_2163,1750411490,27.0,3.250803,101.55591,0.0
SCS18,weekday_2155,1750411550,0.0,3.135845,101.68894,0.0
SCS32,weekday_2163,1750411550,32.0,3.247257,101.55839,0.0
SCS02,2976,1750411523,120.0,5.86287,100.477005,0.0
SCS02,2976,1750411613,120.0,5.889963,100.477036,0.0
SCS32,weekday_2163,1750411610,116.0,3.235208,101.55975,0.0
SCS18,weekday_2155,1750411610,0.0,3.135845,101.68894,0.0
SCS02,2976,1750411673,120.0,5.907042,100.47123,0.0
SCS32,weekday_2163,1750411670,112.0,3.219658,101.56614,0.0
SCS18,weekday_2155,1750411670,0.0,3.135845,101.68894,0.0
SCS02,2976,1750411673,120.0,5.907042,100.47123,0.0
SCS18,weekday_2155,1750411670,0.0,3.135845,101.68894,0.0
SCS32,weekday_2163,1750411670,112.0,3.219658,101.56614,0.0
SCS02,2976,1750411763,119.0,5.932373,100.46149,0.0
SCS18,weekday_2155,1750411760,0.0,3.135845,101.68894,0.0
SCS32,weekday_2163,1750411760,45.0,3.20763,101.576515,0.0
SCS32,weekday_2163,1750411820,0.0,3.206425,101.57969,0.0
SCS02,2976,1750411853,120.0,5.956645,100.4494,0.0
SCS18,weekday_2155,1750411850,0.0,3.135845,101.68894,0.0
SCS02,2976,1750411913,60.0,5.970418,100.44162,0.0
SCS32,weekday_2163,1750411910,0.0,3.206425,101.57969,0.0
SCS18,weekday_2155,1750411910,0.0,3.135845,101.68894,0.0
SCS02,2976,1750411973,0.0,5.972705,100.44032,0.0
SCS32,weekday_2163,1750411970,0.0,3.206425,101.57969,0.0
SCS18,weekday_2155,1750411970,0.0,3.135845,101.68894,0.0
SCS02,2976,1750412033,108.0,5.981297,100.435455,0.0
SCS18,weekday_2155,1750412030,0.0,3.135845,101.68894,0.0
SCS32,weekday_2163,1750412030,0.0,3.206425,101.57969,0.0
SCS02,2976,1750412093,120.0,5.997035,100.42651,0.0
SCS32,weekday_2163,1750412090,0.0,3.206425,101.57969,0.0
SCS18,weekday_2155,1750412090,0.0,3.135845,101.68894,0.0
SCS02,2976,1750412153,120.0,6.012767,100.41764,0.0
SCS32,weekday_2163,1750412150,31.0,3.20609,101.580345,0.0
SCS18,weekday_2155,1750412150,0.0,3.135845,101.68894,0.0
SCS02,2976,1750412213,120.0,6.028513,100.40873,0.0
SCS32,weekday_2163,1750412210,71.0,3.20275,101.58711,0.0
SCS18,weekday_2155,1750412210,0.0,3.135845,101.68894,0.0
SCS02,2976,1750412273,119.0,6.044265,100.39989,0.0
SCS18,weekday_2155,1750412270,0.0,3.135845,101.68894,0.0
SCS32,weekday_2163,1750412270,103.0,3.20117,101.60072,0.0
SCS02,2976,1750412333,120.0,6.059838,100.391075,0.0
SCS32,weekday_2163,1750412330,86.0,3.204565,101.61435,0.0
SCS18,weekday_2155,1750412330,22.0,3.138678,101.69335,0.0
SCS18,weekday_2155,1750412360,0.0,3.138892,101.693436,0.0
SCS32,weekday_2163,1750412360,57.0,3.208075,101.61818,0.0
SCS02,2976,1750412363,120.0,6.067718,100.38661,0.0
SCS02,2976,1750412423,120.0,6.083558,100.37792,0.0
SCS32,weekday_2163,1750412450,0.0,3.208817,101.62771,0.0
SCS18,weekday_2155,1750412450,22.0,3.139653,101.693665,0.0
SCS18,weekday_2155,1750412510,33.0,3.14434,101.693115,0.0
SCS32,weekday_2163,1750412510,46.0,3.207792,101.63195,0.0
SCS02,2976,1750412505,108.0,6.104807,100.36666,0.0
SCS18,weekday_2155,1750412540,53.0,3.14664,101.691216,0.0
SCS32,weekday_2163,1750412540,51.0,3.205308,101.63483,0.0
SCS02,2976,1750412545,45.0,6.112598,100.36949,0.0
SCS32,weekday_2163,1750412630,33.0,3.202642,101.63745,0.0
SCS18,weekday_2155,1750412630,0.0,3.15385,101.692474,0.0
SCS02,2976,1750412605,6.0,6.11365,100.369995,0.0
SCS02,2976,1750412665,115.0,6.12416,100.37474,0.0
SCS32,weekday_2163,1750412690,98.0,3.196617,101.6447,0.0
SCS18,weekday_2155,1750412690,73.0,3.158038,101.693344,0.0
SCS02,2976,1750412724,120.0,6.140937,100.38076,0.0
SCS18,weekday_2155,1750412750,0.0,3.165105,101.69124,0.0
SCS32,weekday_2163,1750412750,87.0,3.189903,101.65952,0.0
SCS02,2976,1750412784,120.0,6.158957,100.379524,0.0
SCS32,weekday_2163,1750412810,0.0,3.186895,101.663666,0.0
SCS18,weekday_2155,1750412810,0.0,3.165108,101.69123,0.0
SCS02,2976,1750412844,119.0,6.176993,100.37807,0.0
SCS32,weekday_2163,1750412870,105.0,3.183112,101.66963,0.0
SCS18,weekday_2155,1750412870,70.0,3.168712,101.68618,0.0
SCS02,2976,1750412904,0.0,6.183822,100.37458,0.0
SCS32,weekday_2163,1750412930,80.0,3.175063,101.682,0.0
SCS18,weekday_2155,1750412930,71.0,3.177472,101.67948,0.0
SCS02,2976,1750412964,85.0,6.18745,100.37215,0.0
SCS18,weekday_2155,1750412990,90.0,3.183483,101.66822,0.0
SCS32,weekday_2163,1750412990,44.0,3.167577,101.68807,0.0
SCS18,weekday_2155,1750413020,21.0,3.186033,101.664764,0.0
SCS32,weekday_2163,1750413020,14.0,3.166205,101.69016,0.0
SCS02,2976,1750413024,122.0,6.203563,100.36714,0.0
SCS02,2976,1750413084,119.0,6.221305,100.36351,0.0
SCS18,weekday_2155,1750413110,92.0,3.190147,101.659,0.0
SCS32,weekday_2163,1750413110,0.0,3.16604,101.69036,0.0
SCS02,2976,1750413144,119.0,6.239045,100.35991,0.0
SCS32,weekday_2163,1750413170,0.0,3.16604,101.69036,0.0
SCS18,weekday_2155,1750413170,72.0,3.195957,101.64608,0.0
SCS02,2976,1750413204,120.0,6.256565,100.35635,0.0
SCS18,weekday_2155,1750413230,42.0,3.199825,101.640015,0.0
SCS32,weekday_2163,1750413230,0.0,3.16604,101.69036,0.0
SCS02,2976,1750413264,120.0,6.274308,100.35272,0.0
SCS32,weekday_2163,1750413290,70.0,3.161373,101.69222,0.0
SCS18,weekday_2155,1750413290,0.0,3.202253,101.63766,0.0
SCS02,2976,1750413324,120.0,6.292023,100.3491,0.0
SCS32,weekday_2163,1750413350,0.0,3.15488,101.69326,0.0
SCS18,weekday_2155,1750413350,17.0,3.202422,101.637535,0.0
SCS18,weekday_2155,1750413410,58.0,3.206973,101.633095,0.0
SCS32,weekday_2163,1750413410,0.0,3.15488,101.69326,0.0
SCS02,2976,1750413384,119.0,6.309787,100.34547,0.0
SCS18,weekday_2155,1750413440,33.0,3.208473,101.62963,0.0
SCS02,2976,1750413444,119.0,6.325362,100.33677,0.0
SCS32,weekday_2163,1750413470,53.0,3.150743,101.69076,0.0
SCS02,2976,1750413504,120.0,6.339867,100.32594,0.0
SCS32,weekday_2163,1750413530,33.0,3.145727,101.69189,0.0
SCS32,weekday_2163,1750413590,30.0,3.142155,101.69427,0.0
SCS02,2976,1750413564,120.0,6.354357,100.31511,0.0
SCS18,weekday_2155,1750413629,78.0,3.208463,101.62295,0.0
SCS02,2976,1750413624,89.0,6.367257,100.3055,0.0
SCS32,weekday_2163,1750413650,0.0,3.140332,101.69407,0.0
SCS18,weekday_2155,1750413689,94.0,3.200142,101.60309,0.0
SCS02,2976,1750413684,0.0,6.371327,100.30244,0.0
SCS32,weekday_2163,1750413710,31.0,3.137825,101.69281,0.0
SCS18,weekday_2155,1750413749,69.0,3.201642,101.590225,0.0
SCS02,2976,1750413744,100.0,6.37673,100.298416,0.0
SCS32,weekday_2163,1750413770,0.0,3.136095,101.68906,0.0
SCS32,weekday_2163,1750413860,0.0,3.136095,101.68906,0.0
SCS18,weekday_2155,1750413839,18.0,3.205853,101.58111,0.0
SCS02,2976,1750413834,119.0,6.39824,100.282326,0.0
SCS18,weekday_2155,1750413869,0.0,3.205947,101.58092,0.0
SCS02,2976,1750413864,120.0,6.40578,100.277405,0.0
SCS32,weekday_2163,1750413890,0.0,3.136095,101.68906,0.0
SCS32,weekday_2163,1750413950,0.0,3.136095,101.68906,0.0
SCS18,weekday_2155,1750413929,0.0,3.205875,101.581,0.0
SCS02,2976,1750413924,120.0,6.422873,100.27148,0.0
SCS18,weekday_2155,1750413989,44.0,3.206712,101.57832,0.0
SCS02,2976,1750413984,0.0,6.432617,100.26815,0.0
SCS32,weekday_2163,1750414010,0.0,3.136095,101.68906,0.0
SCS02,2976,1750414044,37.0,6.43329,100.2679,0.0
SCS18,weekday_2155,1750414049,82.0,3.21309,101.57159,0.0
SCS32,weekday_2163,1750414070,0.0,3.136095,101.68906,0.0
SCS32,weekday_2163,1750414070,0.0,3.136095,101.68906,0.0
SCS18,weekday_2155,1750414079,102.0,3.218285,101.56704,0.0
SCS02,2976,1750414074,77.0,6.437147,100.26659,0.0
SCS18,weekday_2155,1750414259,7.0,3.249962,101.55633,0.0
SCS02,2976,1750414254,119.0,6.48785,100.25358,0.0
SCS32,weekday_2163,1750414280,0.0,3.136095,101.68906,0.0
SCS18,weekday_2155,1750414289,15.0,3.250193,101.55617,0.0
SCS02,2976,1750414284,119.0,6.496885,100.25341,0.0
SCS32,weekday_2163,1750414310,0.0,3.136095,101.68906,0.0
SCS18,weekday_2155,1750414349,44.0,3.255565,101.55452,0.0
SCS02,2976,1750414344,57.0,6.51072,100.254745,0.0
SCS32,weekday_2163,1750414370,18.0,3.132238,101.68254,0.0
SCS18,weekday_2155,1750414409,0.0,3.257565,101.55465,0.0
SCS02,2976,1750414404,55.0,6.519798,100.25629,0.0
SCS32,weekday_2163,1750414430,18.0,3.129542,101.68108,0.0
SCS18,weekday_2155,1750414469,45.0,3.260208,101.55549,0.0
SCS02,2976,1750414464,0.0,6.524432,100.25698,0.0
SCS32,weekday_2163,1750414490,27.0,3.127135,101.67917,0.0
SCS18,weekday_2155,1750414529,79.0,3.269267,101.55964,0.0
SCS02,2976,1750414524,43.0,6.527358,100.2575,0.0
SCS32,weekday_2163,1750414541,27.0,3.12385,101.67752,0.0
SCS32,weekday_2163,1750414601,20.0,3.120128,101.67407,0.0
SCS18,weekday_2158,1750414589,56.0,3.278683,101.564,0.0
SCS02,2976,1750414584,46.0,6.533965,100.25874,0.0
SCS18,weekday_2158,1750414649,79.0,3.286678,101.56974,0.0
SCS02,2976,1750414644,119.0,6.547447,100.25998,0.0
SCS32,weekday_2163,1750414661,8.0,3.11958,101.673836,0.0
SCS18,weekday_2158,1750414739,79.0,3.304262,101.575005,0.0
SCS02,2976,1750414734,119.0,6.574453,100.26011,0.0
SCS32,weekday_2163,1750414751,6.0,3.113827,101.67312,0.0
SCS18,weekday_2158,1750414769,47.0,3.308855,101.57496,0.0
SCS02,2976,1750414764,120.0,6.583147,100.26234,0.0
SCS32,weekday_2163,1750414781,0.0,3.11379,101.673134,0.0
SCS32,weekday_2163,1750414841,52.0,3.110455,101.67445,0.0
SCS18,weekday_2158,1750414829,44.0,3.315195,101.57486,0.0
SCS02,2976,1750414824,122.0,6.601418,100.263245,0.0
SCS18,weekday_2158,1750414889,0.0,3.31909,101.57478,0.0
SCS32,weekday_2163,1750414901,63.0,3.099807,101.671196,0.0
SCS02,2976,1750414912,66.0,6.626153,100.26756,0.0
SCS18,weekday_2158,1750414949,38.0,3.320577,101.574394,0.0
SCS32,weekday_2163,1750414961,0.0,3.096182,101.67025,0.0
SCS02,2976,1750414972,35.0,6.630298,100.27178,0.0
SCS18,weekday_2158,1750415009,44.0,3.326065,101.5705,0.0
SCS32,weekday_2163,1750415021,62.0,3.092013,101.66945,0.0
SCS02,2976,1750415032,31.0,6.63329,100.27577,0.0
SCS18,weekday_2158,1750415069,60.0,3.333737,101.571144,0.0
SCS32,weekday_2163,1750415081,23.0,3.087705,101.66841,0.0
SCS02,2976,1750415092,31.0,6.636002,100.27942,0.0
SCS18,weekday_2158,1750415129,0.0,3.337187,101.57262,0.0
SCS02,2976,1750415152,33.0,6.63887,100.28328,0.0
SCS32,weekday_2163,1750415141,0.0,3.08643,101.66504,0.0
SCS32,weekday_2163,1750415201,23.0,3.085998,101.66383,0.0
SCS02,2976,1750415182,62.0,6.640677,100.2857,0.0
SCS18,weekday_2158,1750415189,42.0,3.341077,101.572556,0.0
SCS32,weekday_2163,1750415291,26.0,3.084513,101.65974,0.0
SCS18,weekday_2158,1750415279,97.0,3.356313,101.57137,0.0
SCS18,weekday_2158,1750415309,89.0,3.362338,101.57448,0.0
SCS32,weekday_2163,1750415321,25.0,3.083773,101.65753,0.0
SCS18,weekday_2158,1750415369,107.0,3.363327,101.587944,0.0
SCS32,weekday_2163,1750415381,26.0,3.083288,101.656235,0.0
SCS18,weekday_2158,1750415429,109.0,3.367713,101.60389,0.0
SCS32,weekday_2163,1750415441,76.0,3.08201,101.6477,0.0
SCS32,weekday_2163,1750415501,26.0,3.082933,101.64173,0.0
SCS18,weekday_2158,1750415489,35.0,3.37528,101.613625,0.0
SCS18,weekday_2158,1750415549,38.0,3.376187,101.61455,0.0
SCS32,weekday_2163,1750415561,21.0,3.083478,101.63828,0.0
SCS32,weekday_2163,1750415621,9.0,3.084317,101.633,0.0
SCS18,weekday_2158,1750415609,108.0,3.385012,101.623375,0.0
SCS32,weekday_2163,1750415711,46.0,3.084805,101.624695,0.0
SCS02,2985,1750415721,0.0,6.662747,100.32023,0.0
SCS18,weekday_2158,1750415699,102.0,3.408348,101.62786,0.0
SCS18,weekday_2158,1750415729,92.0,3.41546,101.62643,0.0
SCS02,2985,1750415742,7.0,6.662713,100.3202,0.0
SCS32,weekday_2163,1750415741,10.0,3.08456,101.62261,0.0
SCS18,weekday_2158,1750415819,111.0,3.434117,101.63369,0.0
SCS02,2985,1750415832,50.0,6.65754,100.313095,0.0
SCS32,weekday_2163,1750415831,46.0,3.083745,101.61573,0.0
SCS18,weekday_2158,1750415849,112.0,3.441358,101.637856,0.0
SCS02,2985,1750415862,52.0,6.655342,100.30992,0.0
SCS32,weekday_2163,1750415861,27.0,3.083313,101.61282,0.0
SCS18,weekday_2158,1750415909,102.0,3.45747,101.6391,0.0
SCS02,2985,1750415922,101.0,6.649667,100.300865,0.0
SCS32,weekday_2163,1750415921,4.0,3.083195,101.612,0.0
SCS18,weekday_2158,1750415969,13.0,3.467695,101.63761,0.0
SCS32,weekday_2163,1750415981,15.0,3.082815,101.608925,0.0
SCS02,2985,1750415982,72.0,6.641738,100.287186,0.0
SCS18,weekday_2158,1750416029,24.0,3.468127,101.63774,0.0
SCS02,2985,1750416042,32.0,6.63823,100.2825,0.0
SCS32,weekday_2163,1750416041,13.0,3.082742,101.60647,0.0
SCS18,weekday_2158,1750416089,96.0,3.478468,101.63947,0.0
SCS02,2985,1750416102,33.0,6.635192,100.278435,0.0
SCS32,weekday_2163,1750416101,28.0,3.082713,101.60299,0.0
SCS18,weekday_2158,1750416149,99.0,3.493583,101.635185,0.0
SCS02,2985,1750416162,31.0,6.632297,100.274506,0.0
SCS32,weekday_2163,1750416161,39.0,3.083145,101.597786,0.0
SCS18,weekday_2158,1750416239,32.0,3.500202,101.63423,0.0
SCS02,2985,1750416252,69.0,6.626475,100.26784,0.0
SCS32,weekday_2163,1750416261,26.0,3.084345,101.59195,0.0
SCS18,weekday_2158,1750416269,67.0,3.504698,101.63347,0.0
SCS32,weekday_2163,1750416291,25.0,3.08445,101.59003,0.0
SCS02,2985,1750416281,99.0,6.62067,100.26534,0.0
SCS32,weekday_2163,1750416321,0.0,3.084543,101.58908,0.0
SCS18,weekday_2158,1750416329,94.0,3.51508,101.62966,0.0
SCS02,2985,1750416341,121.0,6.603625,100.263306,0.0
SCS18,weekday_2158,1750416389,102.0,3.529833,101.631,0.0
SCS32,weekday_2163,1750416411,20.0,3.084673,101.58755,0.0
SCS02,2985,1750416401,121.0,6.58529,100.26259,0.0
SCS32,weekday_2163,1750416471,22.0,3.083835,101.584694,0.0
SCS18,weekday_2158,1750416449,98.0,3.543205,101.6364,0.0
SCS02,2985,1750416461,125.0,6.567533,100.25918,0.0
SCS18,weekday_2158,1750416509,12.0,3.552543,101.63956,0.0
SCS32,weekday_2163,1750416531,22.0,3.081777,101.581116,0.0
SCS02,2985,1750416521,119.0,6.549157,100.25993,0.0
SCS32,weekday_2163,1750416561,27.0,3.081622,101.57918,0.0
SCS18,weekday_2158,1750416569,48.0,3.553937,101.63944,0.0
SCS02,2985,1750416581,96.0,6.531697,100.25832,0.0
SCS32,weekday_2163,1750416621,60.0,3.07917,101.57208,0.0
SCS18,weekday_2158,1750416629,100.0,3.561288,101.631325,0.0
SCS02,2985,1750416641,5.0,6.524328,100.25706,0.0
SCS02,2985,1750416701,39.0,6.522827,100.25682,0.0
SCS32,weekday_2163,1750416711,17.0,3.076317,101.565926,0.0
SCS18,weekday_2158,1750416689,105.0,3.569533,101.61775,0.0
SCS18,weekday_2158,1750416749,107.0,3.583703,101.61209,0.0
SCS02,2985,1750416761,110.0,6.511062,100.25476,0.0
SCS32,weekday_2163,1750416771,22.0,3.076722,101.5627,0.0
SCS18,weekday_2158,1750416809,96.0,3.596877,101.60306,0.0
SCS02,2985,1750416821,121.0,6.494217,100.2535,0.0
SCS32,weekday_2163,1750416831,0.0,3.07606,101.56018,0.0
SCS02,2985,1750416881,119.0,6.476017,100.25382,0.0
SCS32,weekday_2163,1750416891,18.0,3.075777,101.55953,0.0
SCS18,weekday_2158,1750416869,107.0,3.603413,101.59026,0.0
SCS32,weekday_2163,1750416921,16.0,3.0752,101.558395,0.0
SCS18,weekday_2158,1750416929,106.0,3.61495,101.580185,0.0
SCS02,2985,1750416941,119.0,6.458785,100.25914,0.0
SCS18,weekday_2158,1750416989,104.0,3.62534,101.56852,0.0
SCS02,2985,1750417001,115.0,6.441708,100.26502,0.0
SCS32,weekday_2163,1750417011,74.0,3.071095,101.55169,0.0
SCS18,weekday_2158,1750417049,98.0,3.637525,101.55958,0.0
SCS02,2985,1750417061,13.0,6.432603,100.26818,0.0
SCS32,weekday_2163,1750417071,71.0,3.062133,101.54418,0.0
SCS18,weekday_2158,1750417109,111.0,3.649182,101.549706,0.0
SCS32,weekday_2163,1750417131,59.0,3.059207,101.53385,0.0
SCS02,2985,1750417121,0.0,6.432507,100.268234,0.0
SCS18,weekday_2158,1750417169,92.0,3.659672,101.53862,0.0
SCS02,2985,1750417181,92.0,6.424997,100.270805,0.0
SCS32,weekday_2163,1750417191,24.0,3.057408,101.528404,0.0
SCS18,weekday_2158,1750417229,76.0,3.66948,101.53181,0.0
SCS02,2985,1750417241,121.0,6.408648,100.2764,0.0
SCS32,weekday_2163,1750417251,0.0,3.056607,101.52588,0.0
SCS18,weekday_2158,1750417289,41.0,3.676687,101.52676,0.0
SCS32,weekday_2163,1750417311,0.0,3.056607,101.52588,0.0
SCS02,2985,1750417301,119.0,6.39342,100.285934,0.0
SCS18,weekday_2158,1750417349,37.0,3.680885,101.52234,0.0
SCS02,2985,1750417361,117.0,6.378957,100.29678,0.0
SCS32,weekday_2163,1750417371,0.0,3.056607,101.52588,0.0
SCS32,weekday_2163,1750417431,37.0,3.05586,101.523476,0.0
SCS02,2985,1750417421,14.0,6.371393,100.30243,0.0
SCS18,weekday_2158,1750417409,5.0,3.68387,101.518875,0.0
SCS02,2985,1750417511,81.0,6.366888,100.30581,0.0
SCS32,weekday_2163,1750417491,20.0,3.054147,101.517784,0.0
SCS02,2985,1750417541,112.0,6.360945,100.310234,0.0
SCS32,weekday_2163,1750417551,29.0,3.052835,101.51358,0.0
SCS32,weekday_2163,1750417581,51.0,3.051943,101.51057,0.0
SCS02,2985,1750417601,121.0,6.346925,100.32072,0.0
SCS02,2985,1750417691,120.0,6.325143,100.337,0.0
SCS32,weekday_2163,1750417701,27.0,3.05183,101.5006,0.0
SCS32,weekday_2163,1750417731,24.0,3.052085,101.498276,0.0
SCS02,2985,1750417721,120.0,6.317883,100.342384,0.0
SCS32,weekday_2163,1750417761,39.0,3.052123,101.49581,0.0
SCS02,2985,1750417781,119.0,6.300662,100.34731,0.0
EMU32,weekday_2170,1750417841,0.0,5.364078,100.42091,0.0
SCS02,2985,1750417841,120.0,6.282913,100.35095,0.0
SCS32,weekday_2163,1750417851,19.0,3.052262,101.49269,0.0
EMU32,weekday_2170,1750417901,0.0,5.364078,100.42091,0.0
SCS02,2985,1750417901,119.0,6.264913,100.35464,0.0
SCS32,weekday_2163,1750417911,36.0,3.052385,101.48887,0.0
EMU32,weekday_2170,1750417961,0.0,5.364078,100.42091,0.0
SCS02,2985,1750417961,119.0,6.247472,100.358185,0.0
SCS32,weekday_2163,1750417971,28.0,3.05259,101.48276,0.0
SCS02,2985,1750418021,119.0,6.229967,100.361755,0.0
EMU32,weekday_2170,1750418021,0.0,5.364078,100.42091,0.0
SCS32,weekday_2163,1750418031,30.0,3.052088,101.47833,0.0
SCS32,weekday_2163,1750418083,0.0,3.050035,101.47499,0.0
SCS02,2985,1750418081,120.0,6.212195,100.36538,0.0
EMU32,weekday_2170,1750418081,0.0,5.364078,100.42091,0.0
EMU32,weekday_2170,1750418141,0.0,5.364078,100.42091,0.0
SCS02,2985,1750418141,120.0,6.194478,100.36898,0.0
SCS32,weekday_2163,1750418126,62.0,3.04643,101.473946,0.0
EMU32,weekday_2170,1750418201,0.0,5.364078,100.42091,0.0
SCS02,2985,1750418201,20.0,6.184042,100.37443,0.0
SCS32,weekday_2163,1750418186,36.0,3.038537,101.47165,0.0
SCS32,weekday_2163,1750418276,37.0,3.035623,101.47007,0.0
EMU32,weekday_2170,1750418291,0.0,5.364078,100.42091,0.0
SCS02,2985,1750418291,72.0,6.180482,100.37673,0.0
SCS32,weekday_2163,1750418306,45.0,3.03377,101.467766,0.0
SCS02,2985,1750418321,111.0,6.173793,100.3785,0.0
EMU32,weekday_2170,1750418321,0.0,5.364078,100.42091,0.0
SCS32,weekday_2163,1750418366,52.0,3.034557,101.45972,0.0
SCS02,2985,1750418381,120.0,6.155363,100.37976,0.0
EMU32,weekday_2170,1750418381,0.0,5.364078,100.42091,0.0
SCS32,weekday_2163,1750418426,54.0,3.038523,101.45427,0.0
EMU32,weekday_2170,1750418441,0.0,5.364078,100.42091,0.0
SCS02,2985,1750418441,119.0,6.137647,100.38046,0.0
SCS02,2985,1750418501,111.0,6.12081,100.373215,0.0
EMU32,weekday_2170,1750418501,0.0,5.364158,100.420876,0.0
SCS32,weekday_2163,1750418486,17.0,3.04251,101.45111,0.0
EMU32,weekday_2170,1750418591,0.0,5.364158,100.420876,0.0
SCS02,2985,1750418591,0.0,6.11356,100.36996,0.0
SCS32,weekday_2163,1750418576,24.0,3.043322,101.44952,0.0
SCS32,weekday_2163,1750418606,29.0,3.044093,101.447426,0.0
SCS02,2985,1750418621,20.0,6.113238,100.36984,0.0
EMU32,weekday_2170,1750418621,0.0,5.364158,100.420876,0.0
SCS32,weekday_2163,1750418666,30.0,3.046452,101.44361,0.0
EMU32,weekday_2170,1750418681,0.0,5.364158,100.420876,0.0
SCS02,2985,1750418681,110.0,6.102423,100.36723,0.0
SCS32,weekday_2163,1750418756,62.0,3.044988,101.436775,0.0
EMU32,weekday_2170,1750418771,0.0,5.364158,100.420876,0.0
SCS02,2985,1750418771,119.0,6.078545,100.3805,0.0
SCS32,weekday_2163,1750418786,43.0,3.042415,101.433975,0.0
SCS02,2985,1750418801,120.0,6.070703,100.38499,0.0
EMU32,weekday_2170,1750418801,0.0,5.364158,100.420876,0.0
SCS32,weekday_2163,1750418853,0.0,3.040658,101.43211,0.0
EMU32,weekday_2170,1750418861,0.0,5.364158,100.420876,0.0
SCS02,2985,1750418861,120.0,6.05522,100.39376,0.0
SCS32,weekday_2163,1750418913,21.0,3.037405,101.42861,0.0
SCS02,2985,1750418921,115.0,6.039343,100.402725,0.0
EMU32,weekday_2170,1750418921,0.0,5.364158,100.420876,0.0
SCS32,weekday_2163,1750418973,22.0,3.034662,101.42569,0.0
EMU32,weekday_2170,1750418981,0.0,5.364158,100.420876,0.0
SCS02,2985,1750418981,120.0,6.023733,100.41153,0.0
SCS32,weekday_2163,1750419033,48.0,3.033555,101.4245,0.0
EMU32,weekday_2170,1750419041,0.0,5.364158,100.420876,0.0
SCS02,2985,1750419041,119.0,6.008197,100.420296,0.0
SCS32,weekday_2163,1750419093,67.0,3.028423,101.41896,0.0
EMU32,weekday_2170,1750419101,0.0,5.364158,100.420876,0.0
SCS02,2985,1750419101,120.0,5.992448,100.42918,0.0
EMU32,weekday_2170,1750419161,0.0,5.364158,100.420876,0.0
SCS02,2985,1750419161,91.0,5.9771,100.43784,0.0
SCS32,weekday_2163,1750419153,37.0,3.021737,101.41181,0.0
SCS32,weekday_2163,1750419213,31.0,3.020682,101.41069,0.0
EMU32,weekday_2170,1750419221,0.0,5.364158,100.420876,0.0
SCS02,2985,1750419221,0.0,5.972615,100.44038,0.0
SCS32,weekday_2163,1750419273,23.0,3.0179,101.407715,0.0
EMU32,weekday_2170,1750419281,0.0,5.364158,100.420876,0.0
SCS02,2985,1750419281,65.0,5.969778,100.442,0.0
SCS32,weekday_2163,1750419333,29.0,3.015045,101.40473,0.0
SCS02,2985,1750419341,122.0,5.9564,100.44955,0.0
EMU32,weekday_2170,1750419341,0.0,5.364158,100.420876,0.0
SCS32,weekday_2163,1750419393,0.0,3.013825,101.40343,0.0
SCS02,2985,1750419401,119.0,5.94047,100.45837,0.0
EMU32,weekday_2170,1750419401,0.0,5.364158,100.420876,0.0
SCS32,weekday_2163,1750419453,22.0,3.012325,101.40181,0.0
EMU32,weekday_2170,1750419461,0.0,5.364158,100.420876,0.0
SCS02,2985,1750419461,120.0,5.923305,100.464966,0.0
SCS32,weekday_2163,1750419513,53.0,3.009098,101.39829,0.0
EMU32,weekday_2170,1750419521,0.0,5.364158,100.420876,0.0
SCS02,2985,1750419521,119.0,5.906447,100.47146,0.0
SCS32,weekday_2163,1750419573,16.0,3.005913,101.39489,0.0
EMU32,weekday_2170,1750419581,0.0,5.364158,100.420876,0.0
SCS02,2985,1750419581,119.0,5.889247,100.47703,0.0
SCS32,weekday_2163,1750419633,16.0,3.004567,101.39348,0.0
EMU32,weekday_2170,1750419641,0.0,5.364158,100.420876,0.0
SCS02,2985,1750419641,119.0,5.871203,100.47698,0.0
SCS02,2985,1750419701,120.0,5.853443,100.476944,0.0
EMU32,weekday_2170,1750419701,0.0,5.364158,100.420876,0.0
SCS32,weekday_2163,1750419693,14.0,3.00293,101.39172,0.0
SCS32,weekday_2163,1750419753,7.0,3.001287,101.39087,0.0
EMU32,weekday_2170,1750419761,0.0,5.364158,100.420876,0.0
SCS02,2985,1750419761,114.0,5.835492,100.47712,0.0
SCS32,weekday_2163,1750419813,0.0,3.00046,101.39101,0.0
SCS02,2985,1750419821,13.0,5.824988,100.478,0.0
EMU32,weekday_2170,1750419821,0.0,5.364158,100.420876,0.0
SCS02,2985,1750419881,45.0,5.823588,100.4781,0.0
EMU32,weekday_2170,1750419881,0.0,5.364158,100.420876,0.0
SCS32,weekday_2163,1750419813,0.0,3.00046,101.39101,0.0
SCS02,2985,1750419941,112.0,5.810557,100.47936,0.0
EMU32,weekday_2170,1750419941,0.0,5.364158,100.420876,0.0
EMU32,weekday_2170,1750420001,0.0,5.364158,100.420876,0.0
SCS02,2985,1750420001,120.0,5.793103,100.483986,0.0
SCS02,2985,1750420061,123.0,5.776503,100.491714,0.0
EMU32,weekday_2170,1750420061,0.0,5.364158,100.420876,0.0
EMU32,weekday_2170,1750420121,0.0,5.364158,100.420876,0.0
SCS02,2985,1750420121,123.0,5.759553,100.49904,0.0
EMU32,weekday_2170,1750420181,0.0,5.364158,100.420876,0.0
SCS02,2985,1750420181,120.0,5.742537,100.506355,0.0
SCS02,2985,1750420241,121.0,5.725697,100.51285,0.0
EMU32,weekday_2170,1750420241,0.0,5.364158,100.420876,0.0
SCS02,2985,1750420294,119.0,5.710173,100.51231,0.0
EMU32,weekday_2170,1750420301,0.0,5.364158,100.420876,0.0
SCS02,2985,1750420354,119.0,5.69315,100.506546,0.0
EMU32,weekday_2170,1750420361,0.0,5.364158,100.420876,0.0
SCS02,2985,1750420414,120.0,5.678413,100.496635,0.0
EMU32,weekday_2170,1750420421,0.0,5.364158,100.420876,0.0
SCS02,2985,1750420474,109.0,5.66087,100.493225,0.0
EMU32,weekday_2170,1750420481,0.0,5.364158,100.420876,0.0
SCS02,2985,1750420534,63.0,5.646345,100.4907,0.0
EMU32,weekday_2170,1750420541,0.0,5.364158,100.420876,0.0
SCS02,2985,1750420594,0.0,5.643675,100.49028,0.0
EMU32,weekday_2170,1750420601,5.0,5.364208,100.420746,0.0
SCS02,2985,1750420654,63.0,5.64023,100.48966,0.0
EMU32,weekday_2170,1750420661,0.0,5.364317,100.42031,0.0
SCS02,2985,1750420708,117.0,5.627948,100.49252,0.0
EMU32,weekday_2170,1750420721,0.0,5.364317,100.42031,0.0
EMU32,weekday_2170,1750420781,0.0,5.364317,100.42031,0.0
SCS02,2985,1750420784,118.0,5.606102,100.49519,0.0
EMU32,weekday_2170,1750420841,0.0,5.364317,100.42031,0.0
SCS02,2985,1750420844,119.0,5.588085,100.493965,0.0
EMU32,weekday_2170,1750420901,0.0,5.364317,100.42031,0.0
SCS02,2985,1750420904,120.0,5.569923,100.49691,0.0
EMU32,weekday_2170,1750420961,6.0,5.36431,100.42027,0.0
SCS02,2985,1750420964,119.0,5.552392,100.49979,0.0
EMU32,weekday_2170,1750421021,15.0,5.365153,100.41879,0.0
SCS02,2985,1750421024,120.0,5.534615,100.5042,0.0
SCS02,2985,1750421080,120.0,5.51853,100.50779,0.0
EMU32,weekday_2170,1750421081,0.0,5.365502,100.41809,0.0
EMU32,weekday_2170,1750421141,0.0,5.365502,100.41809,0.0
SCS02,2985,1750421140,120.0,5.500767,100.503075,0.0
EMU32,weekday_2170,1750421201,0.0,5.365502,100.41809,0.0
SCS02,2985,1750421200,66.0,5.4856,100.499,0.0
EMU32,weekday_2170,1750421261,4.0,5.365493,100.41814,0.0
SCS02,2985,1750421260,0.0,5.48278,100.49825,0.0
EMU32,weekday_2170,1750421321,6.0,5.364955,100.41911,0.0
SCS02,2985,1750421320,74.0,5.478248,100.49703,0.0
EMU32,weekday_2170,1750421411,0.0,5.364283,100.42018,0.0
SCS02,2985,1750421410,120.0,5.454398,100.493805,0.0
EMU32,weekday_2170,1750421441,0.0,5.364283,100.42018,0.0
SCS02,2985,1750421440,119.0,5.44565,100.49147,0.0
EMU32,weekday_2170,1750421501,0.0,5.364283,100.42018,0.0
SCS02,2985,1750421500,121.0,5.42952,100.48507,0.0
EMU32,weekday_2170,1750421561,0.0,5.364283,100.42018,0.0
SCS02,2985,1750421560,121.0,5.414002,100.47589,0.0
EMU32,weekday_2170,1750421621,0.0,5.364283,100.42018,0.0
SCS02,2985,1750421620,120.0,5.396077,100.471504,0.0
EMU32,weekday_2170,1750421681,0.0,5.364283,100.42018,0.0
SCS02,2985,1750421680,119.0,5.378178,100.46925,0.0
EMU32,weekday_2170,1750421741,0.0,5.364283,100.42018,0.0
SCS02,2985,1750421740,57.0,5.363167,100.46739,0.0
SCS02,2985,1750421812,49.0,5.357727,100.46322,0.0
EMU32,weekday_2170,1750421801,0.0,5.364283,100.42018,0.0
EMU32,weekday_2170,1750421891,0.0,5.364283,100.42018,0.0
SCS02,2985,1750421889,90.0,5.365142,100.45517,0.0
EMU32,weekday_2170,1750421921,0.0,5.364283,100.42018,0.0
SCS02,2985,1750421919,46.0,5.365955,100.449936,0.0
EMU32,weekday_2170,1750421981,0.0,5.364283,100.42018,0.0
SCS02,2985,1750421979,0.0,5.366147,100.448524,0.0
SCS02,2985,1750422035,99.0,5.366692,100.44085,0.0
EMU32,weekday_2170,1750422041,0.0,5.364283,100.42018,0.0
SCS02,2985,1750422085,91.0,5.362175,100.42896,0.0
EMU32,weekday_2170,1750422101,0.0,5.364283,100.42018,0.0
SCS02,2985,1750422145,3.0,5.364267,100.42189,0.0
EMU32,weekday_2170,1750422161,0.0,5.364283,100.42018,0.0
SCS02,2985,1750422205,65.0,5.36502,100.41991,0.0
EMU32,weekday_2170,1750422221,0.0,5.364283,100.42018,0.0
SCS02,2985,1750422265,104.0,5.370457,100.40595,0.0
EMU32,weekday_2170,1750422281,0.0,5.364283,100.42018,0.0
EMU32,weekday_2170,1750422371,0.0,5.364283,100.42018,0.0
SCS02,2985,1750422355,101.0,5.381285,100.38517,0.0
SCS02,2985,1750422385,64.0,5.384295,100.37946,0.0
EMU32,weekday_2170,1750422401,0.0,5.364283,100.42018,0.0
SCS02,2985,1750422475,7.0,5.387177,100.37365,0.0
EMU32,weekday_2170,1750422491,0.0,5.364283,100.42018,0.0
SCS02,2985,1750422505,31.0,5.388433,100.37203,0.0
EMU32,weekday_2170,1750422521,0.0,5.364283,100.42018,0.0
EMU32,weekday_2170,1750422581,0.0,5.364283,100.42018,0.0
SCS02,2985,1750422565,26.0,5.391365,100.369,0.0
SCS02,2985,1750422625,0.0,5.392658,100.367134,0.0
EMU32,weekday_2170,1750422641,0.0,5.364283,100.42018,0.0
SCS02,2985,1750422685,0.0,5.392658,100.367134,0.0
EMU32,weekday_2170,1750422701,0.0,5.364283,100.42018,0.0
SCS02,2985,1750422745,0.0,5.392658,100.367134,0.0
EMU32,weekday_2170,1750422761,0.0,5.364283,100.42018,0.0
SCS02,2985,1750422805,0.0,5.392658,100.367134,0.0
EMU32,weekday_2170,1750422821,0.0,5.364283,100.42018,0.0
EMU32,weekday_2170,1750422881,0.0,5.364283,100.42018,0.0
SCS02,2985,1750422865,0.0,5.392658,100.367134,0.0
EMU32,weekday_2170,1750422941,0.0,5.364283,100.42018,0.0
EMU32,weekday_2170,1750423001,0.0,5.364283,100.42018,0.0
EMU32,weekday_2170,1750423061,0.0,5.364283,100.42018,0.0
EMU32,weekday_2170,1750423121,0.0,5.364283,100.42018,0.0
EMU32,weekday_2170,1750423181,0.0,5.364283,100.42018,0.0
EMU32,weekday_2170,1750423241,0.0,5.364283,100.42018,0.0
EMU32,weekday_2170,1750423301,0.0,5.364283,100.42018,0.0
EMU32,weekday_2170,1750423361,0.0,5.364283,100.42018,0.0
EMU32,weekday_2170,1750423421,0.0,5.364283,100.42018,0.0
EMU32,weekday_2170,1750423511,0.0,5.364283,100.42018,0.0
EMU32,weekday_2170,1750423541,0.0,5.364283,100.42018,0.0
EMU32,weekday_2170,1750423601,0.0,5.364283,100.42018,0.0
EMU32,weekday_2170,1750423661,0.0,5.364283,100.42018,0.0
EMU32,weekday_2170,1750423751,0.0,5.364283,100.42018,0.0
EMU32,weekday_2170,1750423781,0.0,5.364283,100.42018,0.0
EMU32,weekday_2170,1750423841,0.0,5.364283,100.42018,0.0
EMU32,weekday_2170,1750423901,0.0,5.364283,100.42018,0.0
EMU32,weekday_2170,1750423961,0.0,5.364283,100.42018,0.0
EMU32,weekday_2170,1750424021,0.0,5.364283,100.42018,0.0
EMU32,weekday_2170,1750424081,0.0,5.364283,100.42018,0.0
EMU32,weekday_2170,1750424141,0.0,5.364283,100.42018,0.0
EMU32,weekday_2170,1750424201,0.0,5.364283,100.42018,0.0
EMU32,weekday_2170,1750424261,0.0,5.364283,100.42018,0.0
EMU32,weekday_2170,1750424321,0.0,5.364283,100.42018,0.0
EMU32,weekday_2170,1750424411,0.0,5.364283,100.42018,0.0
EMU32,weekday_2170,1750424471,0.0,5.364283,100.42018,0.0
EMU32,weekday_2170,1750424501,0.0,5.364283,100.42018,0.0
EMU32,weekday_2170,1750424531,0.0,5.364283,100.42018,0.0
EMU32,weekday_2170,1750424621,0.0,5.364283,100.42018,0.0
EMU32,weekday_2170,1750424681,0.0,5.364283,100.42018,0.0
EMU32,weekday_2170,1750424741,0.0,5.364283,100.42018,0.0
EMU32,weekday_2170,1750424801,0.0,5.364283,100.42018,0.0
EMU32,weekday_2170,1750424861,0.0,5.364283,100.42018,0.0
EMU32,weekday_2170,1750424921,0.0,5.364283,100.42018,0.0
EMU32,weekday_2170,1750424981,0.0,5.364283,100.42018,0.0
EMU32,weekday_2170,1750425041,0.0,5.364283,100.42018,0.0
EMU32,weekday_2170,1750425131,0.0,5.364283,100.42018,0.0
EMU32,weekday_2170,1750425161,0.0,5.364283,100.42018,0.0
EMU32,weekday_2170,1750425221,0.0,5.364283,100.42018,0.0
EMU32,weekday_2170,1750425281,0.0,5.364283,100.42018,0.0
EMU32,weekday_2170,1750425371,0.0,5.364283,100.42018,0.0
EMU32,weekday_2170,1750425401,0.0,5.364283,100.42018,0.0
EMU32,weekday_2170,1750425461,0.0,5.364283,100.42018,0.0
EMU32,weekday_2170,1750425521,0.0,5.364283,100.42018,0.0
EMU32,weekday_2170,1750425581,0.0,5.364283,100.42018,0.0
EMU32,weekday_2170,1750425641,0.0,5.364283,100.42018,0.0
EMU32,weekday_2170,1750425731,0.0,5.364283,100.42018,0.0
EMU32,weekday_2170,1750425761,0.0,5.364283,100.42018,0.0
EMU32,weekday_2170,1750425821,0.0,5.364283,100.42018,0.0
EMU32,weekday_2170,1750425881,0.0,5.364283,100.42018,0.0
EMU32,weekday_2170,1750425941,0.0,5.364283,100.42018,0.0
EMU32,weekday_2170,1750426001,0.0,5.364283,100.42018,0.0
EMU32,weekday_2170,1750426061,0.0,5.364283,100.42018,0.0
EMU32,weekday_2170,1750426121,0.0,5.364283,100.42018,0.0
EMU32,weekday_2170,1750426181,0.0,5.364283,100.42018,0.0
EMU32,weekday_2170,1750426241,0.0,5.364283,100.42018,0.0
EMU32,weekday_2170,1750426331,0.0,5.364283,100.42018,0.0
EMU32,weekday_2170,1750426361,0.0,5.364283,100.42018,0.0
EMU32,weekday_2170,1750426421,0.0,5.364283,100.42018,0.0
EMU32,weekday_2170,1750426481,0.0,5.364283,100.42018,0.0
SCS02,2994,1750426543,7.0,5.392498,100.3672,0.0
EMU32,weekday_2170,1750426541,0.0,5.364283,100.42018,0.0
SCS02,2994,1750426603,15.0,5.39098,100.36958,0.0
EMU32,weekday_2170,1750426601,0.0,5.364283,100.42018,0.0
EMU32,weekday_2170,1750426661,0.0,5.364283,100.42018,0.0
SCS02,2994,1750426663,17.0,5.388745,100.37179,0.0
SCS02,2994,1750426723,40.0,5.386242,100.375755,0.0
EMU32,weekday_2170,1750426721,0.0,5.364283,100.42018,0.0
SCS02,2994,1750426783,99.0,5.381797,100.38428,0.0
EMU32,weekday_2170,1750426781,0.0,5.364283,100.42018,0.0
SCS02,2994,1750426843,103.0,5.374573,100.397964,0.0
EMU32,weekday_2170,1750426841,0.0,5.364283,100.42018,0.0
SCS02,2994,1750426903,97.0,5.368178,100.41191,0.0
EMU32,weekday_2170,1750426901,0.0,5.364283,100.42018,0.0
SCS02,2994,1750426993,0.0,5.364217,100.421974,0.0
EMU32,weekday_2170,1750426991,0.0,5.364283,100.42018,0.0
SCS02,2994,1750427023,0.0,5.364217,100.421974,0.0
EMU32,weekday_2170,1750427021,0.0,5.364283,100.42018,0.0
SCS02,2994,1750427083,82.0,5.362448,100.42703,0.0
EMU32,weekday_2170,1750427081,0.0,5.364283,100.42018,0.0
SCS02,2994,1750427131,99.0,5.3656,100.43823,0.0
EMU32,weekday_2170,1750427141,0.0,5.364283,100.42018,0.0
SCS02,2994,1750427211,0.0,5.366195,100.44848,0.0
EMU32,weekday_2170,1750427141,0.0,5.364283,100.42018,0.0
SCS02,2994,1750427271,26.0,5.366085,100.44923,0.0
SCS02,2994,1750427356,50.0,5.362358,100.45962,0.0
SCS02,2994,1750427386,50.0,5.359432,100.461975,0.0
SCS02,2994,1750427440,43.0,5.358112,100.46651,0.0
SCS02,2994,1750427500,102.0,5.368492,100.46797,0.0
SCS02,2994,1750427560,120.0,5.386195,100.47019,0.0
SCS02,2994,1750427620,117.0,5.40414,100.47253,0.0
SCS02,2994,1750427680,121.0,5.420802,100.47929,0.0
SCS02,2994,1750427740,118.0,5.436342,100.48891,0.0
SCS02,2994,1750427830,119.0,5.462548,100.49589,0.0
SCS02,2994,1750427860,119.0,5.47148,100.49596,0.0
SCS02,2994,1750427950,0.0,5.482925,100.49821,0.0
SCS02,2994,1750427980,0.0,5.482925,100.49821,0.0
SCS02,2994,1750428040,105.0,5.492065,100.50066,0.0
SCS02,2994,1750428100,120.0,5.508548,100.50505,0.0
SCS02,2994,1750428145,119.0,5.521887,100.50772,0.0
SCS02,2994,1750428205,119.0,5.539327,100.50285,0.0
SCS02,2994,1750428265,119.0,5.556957,100.499016,0.0
SCS02,2994,1750428325,120.0,5.574803,100.4961,0.0
EMU32,weekday_2183,1750428341,0.0,5.364283,100.42018,0.0
SCS02,2994,1750428385,121.0,5.592678,100.49319,0.0
EMU32,weekday_2183,1750428401,0.0,5.364283,100.42018,0.0
EMU32,weekday_2183,1750428461,0.0,5.364283,100.42018,0.0
SCS02,2994,1750428470,117.0,5.617617,100.49666,0.0
SCS02,2994,1750428542,103.0,5.637717,100.48919,0.0
EMU32,weekday_2183,1750428551,0.0,5.364283,100.42018,0.0
EMU32,weekday_2183,1750428581,0.0,5.364283,100.42018,0.0
SCS02,2994,1750428572,36.0,5.642825,100.49007,0.0
SCS02,2994,1750428632,0.0,5.643678,100.49022,0.0
EMU32,weekday_2183,1750428641,0.0,5.364283,100.42018,0.0
SCS02,2994,1750428722,114.0,5.657527,100.49256,0.0
EMU32,weekday_2183,1750428731,0.0,5.364283,100.42018,0.0
SCS02,2994,1750428752,122.0,5.666523,100.49406,0.0
EMU32,weekday_2183,1750428761,0.0,5.364283,100.42018,0.0
SCS02,2994,1750428812,119.0,5.68341,100.49976,0.0
EMU32,weekday_2183,1750428821,0.0,5.364283,100.42018,0.0
SCS02,2994,1750428872,119.0,5.698738,100.50935,0.0
EMU32,weekday_2183,1750428881,0.0,5.364283,100.42018,0.0
SCS02,2994,1750428950,120.0,5.721605,100.514206,0.0
EMU32,weekday_2183,1750428941,0.0,5.364283,100.42018,0.0
SCS02,2994,1750429040,119.0,5.746955,100.50461,0.0
EMU32,weekday_2183,1750429031,0.0,5.364283,100.42018,0.0
EMU32,weekday_2183,1750429061,0.0,5.364283,100.42018,0.0
SCS02,2994,1750429070,119.0,5.755287,100.501076,0.0
EMU32,weekday_2183,1750429121,0.0,5.364283,100.42018,0.0
SCS02,2994,1750429130,120.0,5.771652,100.493546,0.0
EMU32,weekday_2183,1750429181,0.0,5.364283,100.42018,0.0
SCS02,2994,1750429190,121.0,5.788258,100.48635,0.0
EMU32,weekday_2183,1750429241,0.0,5.364283,100.42018,0.0
SCS02,2994,1750429250,122.0,5.805177,100.48067,0.0
EMU32,weekday_2183,1750429301,0.0,5.364283,100.42018,0.0
SCS02,2994,1750429310,73.0,5.821553,100.47825,0.0
EMU32,weekday_2183,1750429361,0.0,5.364283,100.42018,0.0
SCS02,2994,1750429370,0.0,5.82508,100.47797,0.0
EMU32,weekday_2183,1750429421,0.0,5.364283,100.42018,0.0
SCS02,2994,1750429430,80.0,5.829413,100.47759,0.0
EMU32,weekday_2183,1750429481,0.0,5.364283,100.42018,0.0
SCS02,2994,1750429490,112.0,5.845427,100.4769,0.0
EMU32,weekday_2183,1750429541,0.0,5.364283,100.42018,0.0
SCS02,2994,1750429550,121.0,5.863528,100.476944,0.0
EMU32,weekday_2183,1750429601,0.0,5.364377,100.42018,0.0
SCS02,2994,1750429610,119.0,5.88161,100.47696,0.0
SCS02,2994,1750429640,120.0,5.890638,100.47693,0.0
EMU32,weekday_2183,1750429661,0.0,5.364377,100.42018,0.0
EMU32,weekday_2183,1750429721,0.0,5.364377,100.42018,0.0
SCS02,2994,1750429730,120.0,5.91615,100.46765,0.0
EMU32,weekday_2183,1750429781,0.0,5.364377,100.42018,0.0
SCS02,2994,1750429790,119.0,5.933017,100.46119,0.0
EMU32,weekday_2183,1750429841,0.0,5.364377,100.42018,0.0
SCS02,2994,1750429850,120.0,5.949328,100.453476,0.0
EMU32,weekday_2183,1750429931,0.0,5.364377,100.42018,0.0
SCS02,2994,1750429940,63.0,5.97093,100.44129,0.0
EMU32,weekday_2183,1750429961,0.0,5.364377,100.42018,0.0
SCS02,2994,1750429970,0.0,5.972742,100.44027,0.0
EMU32,weekday_2183,1750430021,0.0,5.364377,100.42018,0.0
SCS02,2994,1750430030,22.0,5.973017,100.4401,0.0
EMU32,weekday_2183,1750430081,0.0,5.364377,100.42018,0.0
SCS02,2994,1750430090,107.0,5.98242,100.43479,0.0
EMU32,weekday_2183,1750430141,0.0,5.364377,100.42018,0.0
SCS02,2994,1750430150,120.0,5.998122,100.4259,0.0
SCS02,2994,1750430210,120.0,6.01386,100.41703,0.0
EMU32,weekday_2183,1750430201,0.0,5.364377,100.42018,0.0
EMU32,weekday_2183,1750430261,0.0,5.364377,100.42018,0.0
SCS02,2994,1750430270,120.0,6.029628,100.40813,0.0
EMU32,weekday_2183,1750430321,0.0,5.364377,100.42018,0.0
SCS02,2994,1750430330,117.0,6.045325,100.39924,0.0
EMU32,weekday_2183,1750430381,0.0,5.364377,100.42018,0.0
SCS02,2994,1750430390,120.0,6.060893,100.390465,0.0
EMU32,weekday_2183,1750430441,0.0,5.364377,100.42018,0.0
SCS02,2994,1750430450,119.0,6.076645,100.38155,0.0
EMU32,weekday_2183,1750430501,0.0,5.364377,100.42018,0.0
SCS02,2994,1750430510,119.0,6.092488,100.372856,0.0
EMU32,weekday_2183,1750430561,0.0,5.364377,100.42018,0.0
SCS02,2994,1750430568,104.0,6.107235,100.36703,0.0
EMU32,weekday_2183,1750430621,0.0,5.364377,100.42018,0.0
SCS02,2994,1750430628,0.0,6.113573,100.36997,0.0
EMU32,weekday_2183,1750430711,0.0,5.364377,100.42018,0.0
SCS02,2994,1750430718,59.0,6.116722,100.37133,0.0
SCS02,2994,1750430748,102.0,6.122445,100.373924,0.0
EMU32,weekday_2183,1750430741,0.0,5.364377,100.42018,0.0
SCS02,2994,1750430808,122.0,6.138963,100.38066,0.0
EMU32,weekday_2183,1750430801,11.0,5.364903,100.41919,0.0
EMU32,weekday_2183,1750430861,11.0,5.365727,100.41765,0.0
SCS02,2994,1750430868,120.0,6.157023,100.37961,0.0
EMU32,weekday_2183,1750430921,11.0,5.366378,100.415985,0.0
SCS02,2994,1750430928,118.0,6.175065,100.37836,0.0
SCS02,2994,1750430983,13.0,6.18371,100.374565,0.0
EMU32,weekday_2183,1750430981,0.0,5.366643,100.41538,0.0
SCS02,2994,1750431043,28.0,6.184252,100.374245,0.0
EMU32,weekday_2183,1750431041,0.0,5.366643,100.41538,0.0
SCS02,2994,1750431103,119.0,6.19563,100.36874,0.0
EMU32,weekday_2183,1750431101,0.0,5.366643,100.41538,0.0
SCS02,2994,1750431193,119.0,6.222385,100.36325,0.0
EMU32,weekday_2183,1750431191,0.0,5.366643,100.41538,0.0
SCS02,2994,1750431223,119.0,6.231255,100.36145,0.0
EMU32,weekday_2183,1750431221,0.0,5.366643,100.41538,0.0
SCS02,2994,1750431283,114.0,6.248647,100.35789,0.0
EMU32,weekday_2183,1750431281,0.0,5.366643,100.41538,0.0
SCS02,2994,1750431343,119.0,6.266345,100.35429,0.0
EMU32,weekday_2183,1750431341,0.0,5.366735,100.4154,0.0
SCS02,2994,1750431403,119.0,6.284063,100.35066,0.0
EMU32,weekday_2183,1750431401,0.0,5.366735,100.4154,0.0
SCS02,2994,1750431463,119.0,6.301803,100.347046,0.0
EMU32,weekday_2183,1750431461,0.0,5.366735,100.4154,0.0
EMU32,weekday_2183,1750431521,0.0,5.366735,100.4154,0.0
SCS02,2994,1750431520,120.0,6.31813,100.34217,0.0
EMU32,weekday_2183,1750431581,0.0,5.366735,100.4154,0.0
SCS02,2994,1750431580,120.0,6.332622,100.331345,0.0
EMU32,weekday_2183,1750431641,0.0,5.366735,100.4154,0.0
SCS02,2994,1750431640,119.0,6.347132,100.320526,0.0
EMU32,weekday_2183,1750431701,0.0,5.366735,100.4154,0.0
SCS02,2994,1750431700,115.0,6.361545,100.309746,0.0
EMU32,weekday_2183,1750431791,0.0,5.366735,100.4154,0.0
SCS02,2994,1750431760,21.0,6.371047,100.302635,0.0
SCS02,2994,1750431820,24.0,6.3716,100.302246,0.0
EMU32,weekday_2183,1750431821,0.0,5.366735,100.4154,0.0
EMU32,weekday_2183,1750431881,0.0,5.366735,100.4154,0.0
SCS02,2994,1750431880,118.0,6.381475,100.29483,0.0
EMU32,weekday_2183,1750431941,0.0,5.366735,100.4154,0.0
SCS02,2994,1750431940,119.0,6.396115,100.283905,0.0
EMU32,weekday_2183,1750432001,6.0,5.366663,100.41547,0.0
SCS02,2994,1750432000,120.0,6.411775,100.2753,0.0
EMU32,weekday_2183,1750432061,11.0,5.366122,100.41683,0.0
SCS02,2994,1750432060,90.0,6.428312,100.2696,0.0
EMU32,weekday_2183,1750432121,12.0,5.36534,100.418465,0.0
SCS02,2994,1750432120,0.0,6.432637,100.26811,0.0
EMU32,weekday_2183,1750432181,6.0,5.364378,100.420044,0.0
SCS02,2994,1750432180,34.0,6.433672,100.26776,0.0
EMU32,weekday_2183,1750432241,0.0,5.36432,100.42015,0.0
SCS02,2994,1750432240,114.0,6.444917,100.26387,0.0
EMU32,weekday_2183,1750432301,0.0,5.36432,100.42015,0.0
SCS02,2994,1750432300,119.0,6.46218,100.257935,0.0
EMU32,weekday_2183,1750432361,0.0,5.36432,100.42015,0.0
SCS02,2994,1750432360,120.0,6.479592,100.25372,0.0
EMU32,weekday_2183,1750432451,0.0,5.36432,100.42015,0.0
SCS02,2994,1750432450,120.0,6.506663,100.254036,0.0
EMU32,weekday_2183,1750432481,0.0,5.36432,100.42015,0.0
SCS02,2994,1750432480,110.0,6.515268,100.25547,0.0
EMU32,weekday_2183,1750432571,0.0,5.36432,100.42015,0.0
SCS02,2994,1750432570,0.0,6.524432,100.25705,0.0
EMU32,weekday_2183,1750432601,0.0,5.36432,100.42015,0.0
SCS02,2994,1750432600,18.0,6.524657,100.25708,0.0
EMU32,weekday_2183,1750432661,0.0,5.36432,100.42015,0.0
SCS02,2994,1750432660,110.0,6.535852,100.25898,0.0
EMU32,weekday_2183,1750432751,0.0,5.36432,100.42015,0.0
SCS02,2994,1750432750,119.0,6.562935,100.25931,0.0
EMU32,weekday_2183,1750432781,0.0,5.36432,100.42015,0.0
SCS02,2994,1750432780,119.0,6.571895,100.259346,0.0
EMU32,weekday_2183,1750432841,0.0,5.36432,100.42015,0.0
SCS02,2994,1750432840,120.0,6.589547,100.2629,0.0
EMU32,weekday_2183,1750432901,0.0,5.36432,100.42015,0.0
SCS02,2994,1750432900,119.0,6.607817,100.263435,0.0
EMU32,weekday_2183,1750432961,0.0,5.36432,100.42015,0.0
SCS02,2994,1750432960,96.0,6.625087,100.266846,0.0
EMU32,weekday_2183,1750433021,0.0,5.36432,100.42015,0.0
SCS02,2994,1750433020,27.0,6.630192,100.271545,0.0
EMU32,weekday_2183,1750433081,0.0,5.36432,100.42015,0.0
SCS02,2994,1750433080,30.0,6.632865,100.27514,0.0
EMU32,weekday_2183,1750433141,0.0,5.36432,100.42015,0.0
SCS02,2994,1750433140,31.0,6.635602,100.27881,0.0
EMU32,weekday_2183,1750433201,0.0,5.36432,100.42015,0.0
SCS02,2994,1750433200,28.0,6.638332,100.28245,0.0
EMU32,weekday_2183,1750433261,0.0,5.36432,100.42015,0.0
SCS02,2994,1750433260,81.0,6.642008,100.28742,0.0
EMU32,weekday_2183,1750433321,0.0,5.36432,100.42015,0.0
SCS02,2994,1750433320,95.0,6.649872,100.30124,0.0
EMU32,weekday_2183,1750433381,0.0,5.36432,100.42015,0.0
SCS02,2994,1750433380,74.0,6.656308,100.311195,0.0
EMU32,weekday_2183,1750433441,0.0,5.36432,100.42015,0.0
SCS02,2994,1750433440,16.0,6.659588,100.31637,0.0
EMU32,weekday_2183,1750433501,0.0,5.36432,100.42015,0.0
SCS02,2994,1750433500,26.0,6.661895,100.319084,0.0
EMU32,weekday_2183,1750433561,0.0,5.36432,100.42015,0.0
SCS02,2994,1750433560,0.0,6.66293,100.32036,0.0
EMU32,weekday_2183,1750433621,0.0,5.36432,100.42015,0.0
SCS02,2994,1750433620,0.0,6.66293,100.32036,0.0
EMU32,weekday_2183,1750433681,0.0,5.36432,100.42015,0.0
SCS02,2994,1750433680,0.0,6.66293,100.32036,0.0
EMU32,weekday_2183,1750433741,0.0,5.36432,100.42015,0.0
SCS02,2994,1750433740,0.0,6.66293,100.32036,0.0
SCS02,2994,1750433780,0.0,6.66293,100.32036,0.0
EMU32,weekday_2183,1750433801,0.0,5.36432,100.42015,0.0
EMU32,weekday_2183,1750433861,0.0,5.36432,100.42015,0.0
EMU32,weekday_2183,1750433921,0.0,5.36432,100.42015,0.0
SCS02,2994,1750433967,0.0,6.66293,100.32036,0.0
EMU32,weekday_2183,1750433981,0.0,5.36432,100.42015,0.0
EMU32,weekday_2183,1750434041,0.0,5.36432,100.42015,0.0
SCS02,2994,1750434047,8.0,6.662918,100.32036,0.0
EMU32,weekday_2183,1750434101,0.0,5.36432,100.42015,0.0
SCS02,2994,1750434107,40.0,6.660407,100.31732,0.0
SCS02,2994,1750434167,80.0,6.65541,100.30997,0.0
EMU32,weekday_2183,1750434161,0.0,5.36432,100.42015,0.0
EMU32,weekday_2183,1750434221,0.0,5.36432,100.42015,0.0
SCS02,2994,1750434227,112.0,6.648713,100.29721,0.0
EMU32,weekday_2183,1750434281,0.0,5.36432,100.42015,0.0
SCS02,2994,1750434287,66.0,6.641648,100.287,0.0
EMU32,weekday_2183,1750434341,0.0,5.36432,100.42015,0.0
SCS02,2994,1750434347,33.0,6.638362,100.28264,0.0
EMU32,weekday_2183,1750434401,0.0,5.36432,100.42015,0.0
SCS02,2994,1750434407,33.0,6.635303,100.2785,0.0
EMU32,weekday_2183,1750434461,0.0,5.36432,100.42015,0.0
SCS02,2994,1750434467,30.0,6.632467,100.27469,0.0
EMU32,weekday_2183,1750434491,0.0,5.36432,100.42015,0.0
SCS02,2994,1750434527,38.0,6.629658,100.27093,0.0
SCS02,2994,1750434587,120.0,6.617922,100.264854,0.0
SCS02,2994,1750434647,118.0,6.599753,100.26323,0.0
EMU32,weekday_2182,1750434701,0.0,5.36432,100.42015,0.0
SCS02,2994,1750434707,121.0,6.58168,100.26218,0.0
EMU32,weekday_2182,1750434761,0.0,5.36432,100.42015,0.0
SCS02,2994,1750434767,123.0,6.563572,100.2593,0.0
EMU32,weekday_2182,1750434851,0.0,5.36432,100.42015,0.0
SCS02,2994,1750434857,49.0,6.540827,100.25981,0.0
EMU32,weekday_2182,1750434881,0.0,5.36432,100.42015,0.0
SCS02,2994,1750434887,51.0,6.5376,100.25925,0.0
EMU32,weekday_2182,1750434941,0.0,5.36432,100.42015,0.0
SCS02,2994,1750434947,46.0,6.530333,100.258064,0.0
SCS02,2994,1750434977,91.0,6.525358,100.25722,0.0
EMU32,weekday_2182,1750435001,0.0,5.36432,100.42015,0.0
EMU32,weekday_2182,1750435061,0.0,5.36432,100.42015,0.0
EMU32,weekday_2182,1750435121,0.0,5.36432,100.42015,0.0
